#OTU ID	Blank1	Blank2	Blank3	Blank4	SS004	SS007	SS011	SS016	SS019	SS023	SS028	SS031	SS035	SS040	SS043	SS047	SS051	SS052	SS054	SS055	SS059	SS063	SS064	SS066	SS070	SS071	SS075	SS076	SS078	SS082	SS083	SS087	SS088	SS090	SS094	SS095
d5135e3e52ad09c3e39312bf9236b4b7	0	0	0	0	0	19141	0	73	9142	17	9368	12	0	8404	18	0	17	12492	15914	1121	0	18	12455	155	5865	10	0	5693	19008	16353	0	0	0	21942	1049	0
2c982937754e6321f861027032db80f7	0	0	0	0	9281	0	16657	10398	170	446	465	909	0	428	4121	12189	725	1544	18	194	15906	15090	401	3333	48	17509	2629	1122	11	0	17923	8437	0	311	226	14819
d20b46e3c9d79a8e49a48f112fc03d4f	0	0	0	0	2433	1460	1144	6712	11014	1078	1395	9906	23	5544	1610	2613	468	4427	638	3318	2133	2065	4070	4081	520	1656	2651	3363	1163	2940	1259	2218	49	5513	273	1591
aa8cfad62dfc9927d7e9c31f4b0c7ce8	0	0	0	0	3153	74	1056	1564	8336	108	479	333	0	1466	832	5041	66	521	101	823	8697	962	932	8659	2102	6016	2816	687	0	2830	7394	2495	65	3765	79	2781
b4bb370a59f2637d406ccc0f5a1b2a1e	0	0	0	0	2381	57	2687	11020	15	148	0	1075	0	0	3194	4211	545	13	187	492	5416	5521	0	7811	362	3421	2063	38	354	262	1920	3866	0	614	133	4544
b60f18845967360e0867e03374b76e3f	0	0	0	0	0	4973	0	0	75	10	6555	0	0	3175	0	0	141	3260	244	688	0	8	4157	34	8395	0	0	315	361	1242	0	0	0	4974	25	0
4d72007c70f4abc0bf9e8fe8b826d07d	0	0	0	0	2458	56	813	3997	1675	0	279	100	0	385	2201	651	215	893	62	231	1810	4323	181	3321	667	977	3322	435	57	1222	1124	1910	0	1846	0	909
aa844d14d4100a0938f8d8e82b46d1e0	0	0	0	0	103	278	0	1447	4997	0	605	6460	0	843	211	113	0	1186	209	660	353	447	1301	326	987	208	235	918	0	5583	526	615	0	1189	646	0
9b67219ccb0efe47ad5d39d5bfc193f7	0	0	0	0	1347	2980	524	1408	1545	37	345	2773	0	1060	725	503	87	824	477	476	2104	77	524	4088	43	328	760	1004	2049	121	1046	382	0	2494	0	0
bcfe33e5c83c6f63acbba388db730735	0	0	0	0	3736	0	2875	630	168	1175	726	726	0	574	257	683	649	430	0	62	441	2578	629	1459	0	336	5595	287	0	0	1368	856	0	421	0	221
95c64884bd5d4030a2007fd8a71ff345	0	0	0	0	0	244	0	61	140	0	6001	0	0	5603	0	0	233	4903	0	0	0	0	5322	0	0	0	0	2344	0	0	0	0	0	990	0	0
29f5d7605cf4510c64c7b4fb1585949d	0	0	0	0	0	5513	0	0	30	0	0	0	0	0	0	0	0	0	4899	136	0	0	0	484	0	0	0	0	12921	0	0	0	0	885	0	0
6359d0aea7282cb2615bd9926775b3c1	0	0	0	0	0	1214	0	0	311	0	2112	0	0	2272	9	0	111	4140	6958	140	0	0	2109	20	0	0	5	1286	557	0	0	0	0	3412	0	4
4cbfff144d4e7a4e0f4619ed505be070	0	0	0	0	494	0	841	772	2935	274	124	132	45	279	265	1183	93	67	0	116	535	680	497	1318	68	2494	948	0	59	0	371	2001	0	165	0	4676
7e672a9ad0118797d06bf4e71503b9c2	0	0	0	0	26	85	0	5802	743	0	530	0	0	215	97	81	0	1250	18	38	0	3979	357	38	152	0	43	263	0	619	0	1477	0	1807	0	0
f6784fa3dc7fb33c03526abc21c3bdac	0	0	0	0	485	0	0	299	0	0	63	0	0	48	0	0	210	304	0	0	0	1646	0	218	1816	0	121	0	0	10182	0	1400	0	0	0	0
ecc423b8fefd03a92aa1a97fc74a654c	0	0	0	0	60	0	0	207	1644	0	0	26	0	0	2302	213	0	7	0	310	1344	291	0	2057	1389	867	0	0	12	4417	360	525	0	423	0	0
8646bffa210e3f061cc57f1b1cf2f751	0	0	0	0	737	0	392	2349	0	0	251	0	0	281	0	2566	0	37	0	0	4092	320	68	0	0	1550	754	46	0	0	2352	28	0	0	0	0
5c60f84b3d868e8544e0b7805e20ae77	0	0	0	0	0	0	0	0	0	0	0	644	0	0	11411	0	0	0	5	1111	0	24	0	2479	0	0	3	0	0	0	0	6	0	16	0	0
fce8370d8fc25a44614e939f31a3efd6	0	0	0	0	339	0	1872	361	0	34	126	0	0	47	0	1131	203	0	0	0	2731	924	0	59	0	3146	375	0	0	0	640	24	0	0	0	1957
3d5baff45729bf2214074c2e9f77ad10	0	0	0	0	0	0	0	0	0	16	0	0	0	0	0	249	0	0	0	78	723	0	0	0	0	5931	0	0	0	0	6709	0	0	0	73	8
2c73db9e85fe1ace4b0ed52547c25f7d	0	0	0	0	0	203	0	786	3009	0	332	3272	0	553	92	0	53	666	164	178	0	220	761	194	0	0	122	460	0	0	0	334	0	702	0	0
aad5a694c19c776cb450da1720f22050	0	0	0	0	696	0	0	3346	0	0	687	0	0	274	0	0	313	62	0	129	0	2560	92	0	386	0	1327	242	0	14	0	1824	0	0	0	107
d33a7aabcdc1e0333098f947030dce15	0	0	0	0	758	0	0	3489	0	0	107	0	0	113	0	0	274	153	0	0	0	2747	227	0	0	0	1878	317	0	0	0	1784	0	0	0	0
da8644094f1d480f3b3a6a03a7027ab4	0	0	0	0	1048	0	932	2214	14	0	69	380	0	100	1578	0	0	0	0	128	0	154	0	3477	0	0	0	0	0	0	0	0	0	16	0	1496
0a2709e496b6060ed493b17534a59cb6	0	0	0	0	0	6975	0	0	99	0	0	0	0	0	0	0	0	0	550	186	0	0	0	23	0	0	0	0	3661	0	0	0	0	91	0	0
753e16928f79c003e1a4b47b86bdaf3e	0	0	0	0	121	0	0	381	0	0	35	0	0	35	0	0	132	162	0	0	0	1106	18	136	1102	0	102	0	0	6467	0	687	0	17	0	0
38ae5ca97f7847f0cc50ead5e10fbc8b	0	0	0	0	452	0	148	848	19	141	936	190	62	167	73	21	243	412	15	276	33	213	533	688	388	131	2032	377	0	38	293	848	0	43	0	57
945184b6386c192c0066e0a98a154780	0	0	0	0	0	0	3559	0	0	3017	0	0	0	0	0	0	0	0	0	0	0	0	0	256	0	0	0	0	0	0	0	0	0	0	0	495
d66a57b9db06f512e9c5f5e353a5a3dc	0	0	0	0	176	43	0	53	37	0	57	848	0	0	284	317	78	73	167	459	126	20	77	1978	109	89	201	37	1203	257	28	96	0	173	0	69
d2025a2475c8b407040a53edcf2f4d0a	0	0	0	0	435	0	1004	360	0	0	0	0	22	0	0	290	0	0	0	0	347	369	0	0	0	71	131	0	0	0	136	269	0	0	93	3055
16da9716b4d7c3c9c904f3f799d67dfe	0	0	0	0	0	0	0	0	0	0	0	0	0	0	0	136	0	0	0	0	336	0	0	0	0	2161	0	0	0	0	3695	0	0	0	0	3
a1d83433e07f97fd446f7ff512e44fc6	0	0	0	0	257	0	0	1509	0	0	23	13	0	7	1506	0	62	18	0	307	0	571	19	113	37	0	387	0	0	348	0	526	0	0	0	0
44638281c0a8a53e37d1e4ef31260791	0	0	0	0	0	0	0	0	0	0	0	0	0	0	0	0	0	0	0	0	0	0	0	0	217	0	0	0	0	801	0	0	0	0	0	4081
b21f8cd99a1ca2af3f89fd2faf0ce13e	0	0	0	0	0	0	0	209	0	0	0	37	0	0	2816	0	0	0	0	183	0	84	0	24	0	18	17	0	0	0	978	169	0	0	44	0
9908fffab7ed4f3bec44cda2f5084d49	0	0	0	0	35	25	211	10	0	18	0	30	0	0	417	311	0	0	9	52	522	0	0	1017	0	352	0	0	0	0	289	0	0	0	0	1226
6f70e55b156946c55069e3f450ffaf84	0	0	0	0	0	1587	0	0	0	0	0	0	0	0	0	0	0	0	1049	32	0	0	0	0	0	0	0	0	1798	0	0	0	0	0	0	0
859576da50cf3142bbd269f87b2545c1	0	0	0	0	318	3	274	445	0	0	30	473	0	74	41	0	19	23	0	22	0	722	33	438	0	0	416	0	0	0	9	124	0	41	0	509
9acb555d3c5dd77e9035a661e7ad1bb6	0	0	0	0	0	0	0	0	0	0	0	91	0	0	0	0	0	0	79	0	0	0	0	0	0	0	0	0	3452	0	0	0	0	0	0	0
10b890326e2b0b15509aefb95d0d6b79	0	0	0	0	0	0	0	0	0	0	0	0	0	0	0	19	0	0	0	0	55	0	0	0	0	1115	0	0	0	0	2308	0	0	0	0	0
48a2b88954f50c7725818c063187b794	0	0	0	0	101	0	0	157	433	0	0	0	0	0	70	520	0	0	0	0	253	134	0	176	0	1127	189	0	0	0	167	0	0	0	0	0
22424eb53c259749d0d5cf4f45d18613	0	0	0	0	41	369	0	38	70	0	67	717	0	27	22	54	0	54	26	115	90	23	114	92	51	17	201	18	539	58	0	57	0	260	9	52
4122c8e6818a89e7a33507f8521f4ba4	0	0	0	0	0	1194	0	0	0	0	0	0	0	0	0	0	0	0	149	159	0	0	0	0	0	0	0	0	1616	0	0	0	0	56	0	0
1fa11c8a6b6a7407002e320c0422915b	0	0	0	0	0	391	0	0	0	0	0	175	0	0	21	0	0	90	0	66	0	0	49	293	15	0	0	18	1551	0	0	0	0	167	0	0
7d9c34c539e068d21f1a81c06286eb3a	0	0	0	0	0	1136	0	0	0	0	0	0	0	0	0	0	0	0	560	17	0	0	0	3	0	0	0	0	114	0	0	0	0	855	0	0
67e8859e108281ee7971084bfa759522	0	0	0	0	178	0	201	138	0	0	32	29	0	0	8	631	0	0	0	0	542	186	0	0	0	416	33	0	0	0	99	8	0	0	0	51
11f0558dca37009cbf1a6083b0b658e5	0	0	0	0	0	0	246	0	43	0	0	1610	0	0	144	0	0	0	0	0	0	0	0	144	0	0	0	0	0	0	0	0	0	0	0	122
ebb25edc17e761bf86879badf663d3b3	0	0	0	0	846	0	0	71	0	0	52	0	0	22	0	138	0	0	0	0	133	42	0	0	337	147	173	0	0	204	22	0	0	0	0	0
9845bd0223e4f28dfdcb21b6bf541161	0	0	0	0	137	0	0	329	0	0	164	203	0	56	33	0	0	55	0	0	0	188	144	120	2	0	197	40	0	0	0	241	0	34	0	0
b2266dbc82660671b8545f2c4de1c1f8	0	0	0	0	1660	0	0	0	0	0	0	85	0	0	0	0	0	0	0	0	0	0	0	0	0	0	0	0	0	0	0	0	0	0	0	0
6f89300ed0e033eb8e8d001cb87a76c2	0	0	0	0	0	40	0	0	6	0	0	0	0	0	0	0	0	0	0	15	0	0	0	0	0	0	0	0	1635	0	0	0	0	0	0	0
e45fbecd1ae04717d441f6657e5622ea	0	0	0	0	0	0	0	0	0	0	36	1222	0	0	21	0	0	0	0	112	0	17	0	0	0	0	0	0	0	0	0	0	0	0	0	269
737c098d1007948d40e6cbaf904b72d9	0	0	0	0	0	0	18	22	0	0	0	0	0	0	0	0	0	0	0	0	0	71	0	0	0	0	15	0	0	0	0	785	0	152	0	482
7ea4b157e51f38c83a0693ce6ea70f53	0	0	0	0	0	0	0	24	0	0	0	33	0	0	306	64	0	0	0	25	198	20	0	92	0	463	0	0	0	0	238	7	0	0	0	0
107273e73071282e4d0f4a0b46548da5	0	0	0	0	0	0	46	0	251	0	197	0	0	294	0	0	0	86	0	17	0	0	150	0	0	12	0	184	0	0	0	0	0	37	0	165
ccb3970cc553627e918e9217ea71b1f1	0	0	0	0	188	0	65	80	0	0	158	62	0	236	0	0	0	52	0	0	0	0	22	0	8	0	317	21	0	0	0	68	0	0	0	142
8d703908c09c7cb0da2a4398dd74f9f8	0	0	0	0	0	0	0	0	0	0	0	918	0	0	0	0	0	0	0	0	0	0	0	350	0	0	0	0	0	0	0	58	0	0	0	0
ca228736334356da84bc09143c3fff05	0	0	0	0	0	0	322	74	179	0	0	634	0	0	0	0	0	0	0	0	0	0	0	0	0	0	0	0	0	0	0	0	0	0	0	111
06decfb887fd21a8c9eca1111a08def2	0	0	0	0	24	0	90	18	0	0	16	0	0	0	25	221	0	3	0	0	267	117	0	24	0	235	93	0	0	0	0	20	0	0	0	150
4f4ba6326db4b431b068600033eb7843	0	0	0	0	350	32	0	0	0	0	31	681	0	45	7	0	15	0	0	0	0	0	43	0	0	0	57	0	0	0	0	0	0	0	0	0
3cbda74e03e625564b0705316ffbc1cc	0	0	0	0	77	0	331	0	0	539	0	0	15	0	0	48	0	0	0	0	86	0	0	0	0	16	0	0	0	0	0	0	0	0	0	134
4e23097110bafb552c2e640cda3d5234	0	0	0	0	0	423	0	0	0	0	0	0	0	0	0	0	0	0	447	39	0	0	0	0	0	0	0	0	292	0	0	0	0	0	0	12
7e18a39dd964eb207545655ebe71a459	0	0	0	0	0	0	63	0	0	32	0	0	0	0	0	19	0	0	0	0	158	0	0	0	0	280	0	0	0	0	550	0	0	0	84	0
65ee2e5023f239f2ba8a4ae6853aa923	0	0	0	0	0	0	0	0	0	0	0	0	0	0	0	0	0	0	407	0	0	0	0	0	0	0	0	0	703	0	0	0	0	0	0	0
52a9074710d756ef7698a692b34ab05e	0	0	0	0	81	3	0	62	40	0	80	15	0	182	34	0	0	80	0	0	0	0	148	75	103	0	73	0	0	0	0	0	0	65	0	0
a63c438fdf54dab3760eef280c5b4fc3	0	0	0	0	0	97	0	0	0	0	0	0	0	7	0	0	0	6	0	0	0	0	0	0	41	0	0	0	0	743	0	0	0	147	0	0
04edaa963304c466674c30f9f9bb087e	0	0	0	0	0	232	0	0	15	0	0	0	0	0	0	0	0	0	486	0	0	0	0	0	0	0	0	0	227	0	0	0	0	64	0	0
873da44c0f433500a4c9392b8538a2b0	0	0	0	0	0	28	0	0	42	0	0	0	0	0	0	49	0	0	607	50	0	0	0	0	0	0	0	0	0	0	0	0	0	219	0	0
e6c4a7258a21cb1ee250bdb71efc5c98	0	0	0	0	0	0	0	0	0	0	0	0	0	0	0	0	0	0	0	955	0	0	0	0	0	0	0	0	8	0	0	0	0	0	0	0
8f21cec07387bfcd404577d2df0e5aae	0	0	0	0	71	0	0	0	0	0	0	0	0	0	0	113	0	0	0	0	234	0	0	0	0	340	0	0	0	0	123	18	0	0	0	47
c939ee112ba982665e012437dae05c1e	0	0	0	0	0	0	534	0	0	310	0	0	0	0	0	0	0	0	0	0	0	0	0	0	0	0	0	0	0	0	0	0	0	0	0	79
cf49f6820a631a6ceffa00b8b78b640e	0	0	0	0	0	0	0	0	0	0	0	0	0	0	0	0	0	0	0	0	0	0	0	0	0	0	0	0	576	0	0	0	0	344	0	0
3a4a246cdaf2ee7e109536faef354a46	0	0	0	0	67	0	8	164	0	0	75	0	0	0	0	96	0	0	0	0	0	200	0	0	0	0	157	0	0	0	0	124	0	0	0	5
adbdab4b1e65c4710195da896639d9aa	0	0	0	0	0	0	0	0	0	0	0	0	0	0	0	70	0	0	0	0	125	0	0	0	9	307	0	0	0	235	106	0	0	0	35	0
bf593a9048501af7d80b58298c6c7b7f	0	0	0	0	0	0	31	0	0	0	0	0	0	0	0	0	0	0	0	0	0	0	0	0	185	0	0	0	0	22	0	0	0	70	0	573
7b46269976203c4b677141e236344faf	0	0	0	0	0	0	0	0	0	0	0	0	0	0	0	0	0	0	85	117	0	0	0	0	0	0	0	0	624	0	0	0	0	42	0	0
930c5542b16b2b356d24c39e1fd5a891	0	0	0	0	0	686	0	0	53	0	0	0	0	0	3	0	0	0	0	28	0	0	0	0	0	0	0	0	67	11	0	0	0	0	0	0
2ae066df2a3e6e4160e85ff1dc63d947	0	0	0	0	97	0	157	0	0	0	0	0	0	0	0	333	0	0	0	0	0	0	0	0	0	0	0	0	0	0	0	0	0	0	0	208
ff9d93d7b7e46787568f2d241caeaf3b	0	0	0	0	0	0	593	0	0	62	0	0	0	0	0	0	0	0	0	0	0	0	0	0	0	0	0	0	0	0	0	0	0	0	0	140
e1064d4cfe9ee2a54c7e080e7812bef5	0	0	0	0	33	0	0	200	0	0	176	0	0	9	0	10	0	25	0	0	92	17	0	0	0	109	55	18	0	0	23	9	0	0	0	0
8612a638846acf832935cb932a1f0398	0	0	0	0	0	0	0	0	0	0	0	0	0	0	0	0	0	0	0	0	0	0	0	0	0	0	0	0	0	0	0	0	0	0	765	0
b0a1a5146633a23755e45e4b098071e5	0	0	0	0	0	179	0	0	0	0	12	0	0	46	0	0	0	30	0	0	0	0	96	0	249	0	0	2	17	9	0	0	0	114	0	0
38eaa8f3d127290bf06b9a82171c37c0	0	0	0	0	0	0	0	0	0	0	0	35	0	0	192	0	0	0	0	88	0	0	0	78	0	0	0	0	0	0	0	0	0	0	0	347
99bccd58aaeb00f98e22add40be6e36b	0	0	0	0	49	0	92	18	0	22	0	0	0	0	23	33	0	0	0	0	62	155	0	133	0	72	0	0	0	0	0	0	0	0	0	49
47e3c1352b455493689dd1326fe62938	0	0	0	0	0	0	211	0	0	0	0	0	0	0	0	142	0	0	0	0	110	0	0	0	0	48	0	0	0	0	48	0	0	0	0	147
9714f3d83715aea441de90a47da38272	0	0	0	0	0	164	0	0	0	0	0	0	0	0	0	0	0	0	26	0	0	0	0	0	0	0	0	0	492	0	0	0	0	18	0	0
bcc6da5f621cbdfc1f0c9becbac6cdff	0	0	0	0	15	0	0	103	0	0	0	7	0	0	223	0	0	0	23	75	13	83	0	69	0	9	21	0	16	0	0	33	0	0	0	0
9a53e7410894fcfd67c000d9cc5770fa	0	0	0	0	168	0	62	42	0	0	0	0	0	0	0	142	0	0	0	0	122	0	0	0	0	0	104	0	0	0	10	0	0	0	0	0
53a29d0041bec415f7dc61ffba1fa49c	0	0	0	0	0	0	0	17	0	0	0	0	0	0	166	0	0	0	0	321	0	79	0	2	3	0	28	0	0	8	0	19	0	0	0	0
c06ccd1f7d57566ef669942328b1a946	0	0	0	0	0	0	0	19	0	0	37	0	0	15	3	0	0	37	0	47	0	0	285	8	0	0	133	0	0	0	0	33	0	14	0	0
969e2456137c3aa8c0f7d20780612a5a	0	0	0	0	0	0	0	0	0	0	55	0	0	279	0	0	0	85	0	0	0	0	202	0	0	0	0	5	0	0	0	0	0	0	0	0
c2106bcf97b4b4943468544c7e089bda	0	0	0	0	0	482	0	0	0	0	0	0	0	0	0	0	0	0	0	18	0	0	0	0	0	0	0	0	111	0	0	0	0	0	0	0
3cda254920c4d7a9cbe742c102ba4ae5	0	0	0	0	0	0	77	0	0	0	0	251	0	0	0	70	0	0	0	0	0	84	0	0	0	0	44	0	0	15	17	0	0	0	0	32
7ead17a076e7b7b419bf50abe7eee3f4	0	0	0	0	0	0	0	104	0	0	0	14	0	0	133	0	8	4	4	113	18	41	0	27	0	40	12	6	2	0	27	14	0	4	0	0
ff918b02f15eab43a807a50669ae0410	0	0	0	0	0	0	0	0	0	0	0	0	0	0	0	0	0	0	0	0	0	0	0	0	0	0	0	0	0	93	0	0	0	0	0	474
d02bba2b111b7f3b978700a458595e01	0	0	0	0	0	0	0	0	0	0	0	511	0	0	0	0	0	0	0	0	0	0	0	0	0	0	0	0	0	0	0	0	0	0	0	0
e5c19d7800b18015f3a917fc015fc42f	0	0	0	0	0	0	0	0	0	0	0	3	0	3	0	0	161	0	0	119	0	0	0	0	0	0	0	0	0	0	0	0	219	0	0	0
79c637908f93bba976ad429e8b6c5d7f	0	0	0	0	0	0	0	0	0	0	108	0	0	0	0	0	0	64	0	0	0	0	0	92	0	0	222	0	0	0	0	0	0	0	0	0
a3354e31d85e069c4f9790692d340cd2	0	0	0	0	0	0	0	0	0	0	0	0	0	87	0	0	0	0	0	0	0	0	0	0	222	0	0	0	0	177	0	0	0	0	0	0
0c166e629f0a5d7021647ef712e4774e	0	0	0	0	0	0	15	0	0	0	0	0	0	0	0	0	0	0	0	0	0	0	0	0	0	0	0	0	0	0	0	0	0	0	0	424
9bd6f8619edcb7f0091aeaf6f08bc0a9	0	0	0	0	0	0	0	177	0	0	19	24	0	51	0	0	0	11	0	0	0	103	0	0	0	0	52	0	0	0	0	0	0	0	0	0
c54c6cac78d65dc2ac76858a7ba00f2e	0	0	0	0	0	0	0	0	0	0	0	0	0	0	0	0	0	0	0	0	0	0	0	0	0	0	0	0	0	0	0	0	0	428	0	0
a85ffb90cf03fc3e5baf6b98d0c6cc2e	0	0	0	0	0	0	0	0	0	0	0	0	0	0	0	0	0	0	0	0	427	0	0	0	0	0	0	0	0	0	0	0	0	0	0	0
0fdc552aa1e9a00f577f8d657555b575	0	0	0	0	0	0	0	0	0	0	0	0	0	0	0	0	0	0	0	425	0	0	0	0	0	0	0	0	0	0	0	0	0	0	0	0
5a46325087ab0cb40c8974a88bf9fb88	0	0	0	0	0	0	0	16	0	0	148	0	0	128	0	0	0	13	0	0	0	0	82	0	0	0	0	34	0	0	0	0	0	0	0	0
a7c0269fda7eb902ce0557ace7abe464	0	0	0	0	0	0	17	227	0	0	36	34	0	57	0	0	0	6	0	0	0	0	34	0	0	0	0	0	0	0	0	0	0	0	0	0
ba1e3f0141c4d62b33ce0f4aab67e09e	0	0	0	0	0	0	187	5	0	0	0	24	0	0	0	11	0	0	0	0	5	0	0	25	0	0	13	0	0	0	0	0	0	0	0	130
5c061dc8bafe80b5767222e204384886	0	0	0	0	0	0	0	0	0	0	0	0	0	0	0	30	0	0	0	0	89	0	0	0	0	131	0	0	0	0	148	0	0	0	0	0
7cf957ce09ee76505e25f38e827bc16b	0	0	0	0	0	0	0	0	0	0	0	0	0	0	0	0	0	0	0	0	0	0	0	0	0	0	0	0	0	0	0	0	0	0	382	0
ad9018f80e00f2ca4b48067195ac310d	0	0	0	0	0	0	0	0	0	0	0	0	0	0	0	0	0	0	0	0	0	0	0	0	22	5	0	0	0	317	10	0	0	0	27	0
ed233623229790a57f7b78472223b483	0	0	0	0	0	0	0	0	0	0	0	0	0	0	0	106	0	0	0	0	113	0	0	0	0	120	0	0	0	0	31	0	0	0	0	0
5f056f2aace873fa76ebfd47963f3c14	0	0	0	0	350	0	0	0	0	0	0	0	0	0	0	0	0	0	0	0	0	0	5	0	0	0	0	0	0	0	0	0	0	0	0	0
b8db84a5853b44a382ca34c868fd94f5	0	0	0	0	79	0	0	0	0	0	0	42	0	0	0	199	0	0	0	0	11	0	0	0	0	0	0	0	0	3	0	0	0	8	0	0
5f8d35126b0a7321413d21487ec72b73	0	0	0	0	0	0	115	0	0	0	0	0	0	0	0	0	0	0	0	0	0	0	0	0	0	0	0	0	0	0	0	0	0	0	0	223
d1184150f07b3655e9611cd2b3106e2f	0	0	0	0	0	0	0	0	0	0	24	0	0	20	0	0	0	0	0	0	0	0	7	0	0	0	0	0	0	0	0	0	0	284	0	0
d32e579b3ae7b2aae8d5bf9f027c29af	0	0	0	0	0	0	0	98	0	0	0	0	0	0	17	0	0	0	4	88	0	27	0	17	0	25	0	0	0	0	32	25	0	0	0	0
4370c8ad79594ebc1e4b02218aa56c6a	0	0	0	0	0	0	0	0	0	0	0	0	0	0	0	105	0	0	0	0	86	0	0	0	0	109	0	0	0	0	28	0	0	0	0	0
d15bd1dcb9de71d7452648673a59f5b8	0	0	0	0	0	0	0	41	0	0	0	0	0	0	190	0	0	0	0	0	0	52	0	0	0	0	24	0	0	0	0	0	0	0	0	0
350e617a4cba1313c301edd35ed2f159	0	0	0	0	0	0	0	0	0	0	0	307	0	0	0	0	0	0	0	0	0	0	0	0	0	0	0	0	0	0	0	0	0	0	0	0
11118d0ef7f7b766ff3e3512a38996fb	0	0	0	0	0	0	0	0	0	0	0	0	0	0	0	0	0	0	0	0	0	0	0	0	0	0	0	0	0	0	0	0	0	0	307	0
e7b472b04c6dd3df27dd7dae7206ed0a	0	0	0	0	0	0	0	0	0	0	0	126	0	0	0	0	0	0	0	0	0	0	0	180	0	0	0	0	0	0	0	0	0	0	0	0
c503d3896ea45630537146307b1fdde0	0	0	0	0	0	0	0	14	0	0	0	0	0	215	0	0	0	11	0	0	0	0	0	0	0	0	0	30	0	0	0	32	0	0	0	0
e15c261035c6e70c7dd70a59bb80710a	0	0	0	0	0	0	0	0	0	0	0	0	0	66	0	0	0	0	0	0	0	0	0	0	98	0	0	0	0	119	0	0	0	0	0	0
dddf3f4996401c070a8b7ad646f2620f	0	0	0	0	0	0	0	0	0	0	0	0	0	0	0	0	0	0	0	0	0	0	0	0	0	0	0	0	144	0	0	0	0	139	0	0
918a78721a5a5bbc3aa8b9aea99a5c9c	0	0	0	0	0	0	0	0	0	0	0	0	281	0	0	0	0	0	0	0	0	0	0	0	0	0	0	0	0	0	0	0	0	0	0	0
dc8d362d42840d2fdb0513f1ec843861	0	0	0	0	0	0	0	0	51	0	0	0	0	0	0	0	0	0	0	0	0	0	0	0	0	0	0	0	0	0	0	0	0	229	0	0
debda29d401bc8ea6f446870664b5b3a	0	0	0	0	0	0	0	0	0	0	0	0	0	0	8	29	0	0	0	38	41	10	0	0	3	105	0	0	0	24	21	0	0	0	0	0
9d5b4af82605d89eca66dc6be5e0fe3f	0	0	0	0	0	0	0	0	0	0	0	0	0	0	0	0	0	0	0	0	0	0	0	0	0	0	0	0	0	276	0	0	0	0	0	0
796591cd9ef986732f7d4c1fd119ed25	0	0	0	0	54	0	31	0	0	0	22	0	0	0	0	15	0	0	0	0	0	0	0	0	0	11	0	0	0	0	0	0	0	0	0	139
f6c528c217081be9871de0fc58b89408	0	0	0	0	0	0	0	52	0	0	0	0	0	0	116	0	0	0	0	75	0	0	0	0	0	0	0	0	0	0	0	26	0	0	0	0
fae96ba0e32190a2f18fa612fb3d8f08	0	0	0	0	0	45	0	0	0	0	0	0	0	0	0	0	0	0	164	0	0	0	0	0	0	0	0	0	58	0	0	0	0	0	0	0
32c99ead10486b0b4c3cfc79c646c7e7	0	0	0	0	0	0	0	0	0	0	0	0	0	0	0	0	0	0	0	0	0	0	0	0	0	0	0	0	0	0	0	0	0	0	0	261
1a669c45825c97b6d441de2a4deeb5da	0	0	0	0	0	0	0	24	0	0	0	0	0	0	0	111	0	0	0	58	0	0	0	41	24	0	0	0	0	0	0	0	0	0	0	0
4fbf9fc74b3f4f07d14313baf58fdba4	0	0	0	0	5	0	0	142	0	0	0	0	0	0	0	0	0	0	0	0	0	57	0	0	0	0	4	0	0	0	0	32	0	0	0	0
d6efd2da2728fd74ded268122ee05036	54	44	47	89	0	0	0	0	0	0	0	0	0	0	0	0	0	0	0	0	0	0	0	0	0	0	0	0	0	0	0	0	0	0	0	0
b3fe77bd4d27e30779be9b5fbdcd84bd	0	0	0	0	0	0	0	0	0	0	0	0	0	0	0	0	0	0	0	0	0	0	0	0	0	0	0	0	0	0	0	0	0	0	234	0
d0bd24da551a53d14c2d0c7ac2e00d04	0	0	0	0	0	0	0	0	0	0	0	0	0	0	0	0	0	0	0	0	0	0	0	0	0	0	0	0	0	0	0	0	0	0	232	0
3ebe761bfb1238c87195d431f41bf976	0	0	0	0	0	0	0	0	0	0	0	0	0	0	0	0	0	0	12	73	0	0	0	0	0	0	0	0	4	0	0	0	0	140	0	0
3fa2974b1f70109275811beb1ae321c9	0	0	0	0	0	0	0	0	0	0	0	0	0	0	0	0	0	0	200	0	0	0	0	0	0	0	0	0	23	0	0	0	0	0	0	0
060716edede38b8800ced54da91fd924	0	0	0	0	26	0	0	13	0	0	0	104	0	0	0	27	0	0	0	0	0	0	0	34	0	0	0	0	0	0	15	2	0	0	0	0
9d127ac8ec1a7b03befe92229847b811	0	0	0	0	0	0	0	0	0	181	0	0	0	0	0	0	0	0	0	0	0	0	0	0	0	0	0	0	0	0	0	0	0	0	40	0
5e3a47c2ae255393e22c460922d39fae	0	0	0	0	0	219	0	0	0	0	0	0	0	0	0	0	0	0	0	0	0	0	0	0	0	0	0	0	0	0	0	0	0	0	0	0
e40a9dbedc84f39e1f51f3ce3ae6a33e	0	0	0	0	0	0	0	0	0	0	52	0	0	166	0	0	0	0	0	0	0	0	0	0	0	0	0	0	0	0	0	0	0	0	0	0
92f1720367db58c68a96eceb9feb416a	0	0	0	0	0	0	0	16	0	0	0	14	0	0	62	0	0	0	0	87	5	5	0	10	0	0	0	0	0	0	11	0	0	0	0	0
28fc5b4c98e618c2d8b58303c777ae23	0	0	0	0	0	0	0	0	0	0	0	0	0	0	0	0	0	0	0	0	0	0	0	0	0	0	0	0	0	0	0	0	0	0	209	0
d4ecfe33623f297a74de51d7f28b39aa	0	0	0	0	0	0	0	0	0	0	0	0	0	0	0	0	0	0	0	0	0	0	0	0	0	0	0	0	0	0	0	0	0	0	208	0
850303c72499668f477105c620c6d88b	0	0	0	0	0	28	0	0	85	0	0	0	0	0	0	0	0	0	0	0	0	0	26	0	0	0	0	4	0	0	0	0	0	63	0	0
eb41d6c3bdb7f697c24d5c59a7e4b43e	0	0	0	0	0	0	0	0	0	0	0	0	0	0	0	0	0	0	0	0	0	0	0	0	0	0	0	0	0	0	0	0	0	0	206	0
f21ee3160edc05d9a400f419c4a8a093	0	0	0	0	0	47	0	0	0	0	0	0	0	0	119	0	0	0	0	0	0	0	0	7	0	0	0	0	0	0	0	0	0	30	0	0
ca8f1c260ac18a133685554fc1089155	0	0	0	0	0	0	0	0	54	0	22	0	0	0	0	0	0	65	0	0	0	0	60	0	0	0	0	0	0	0	0	0	0	0	0	0
3265d4af36c9111eeab8366f034a548b	0	0	0	0	0	0	0	0	0	0	0	0	0	0	0	0	0	0	0	0	0	0	0	0	201	0	0	0	0	0	0	0	0	0	0	0
d46e2205f0c6ecf67b51f83d111c509c	0	0	0	0	0	0	200	0	0	0	0	0	0	0	0	0	0	0	0	0	0	0	0	0	0	0	0	0	0	0	0	0	0	0	0	0
c90d8b7a6117e548fca8717693a103cb	0	0	0	0	0	0	0	0	0	0	0	0	0	0	0	15	0	0	0	0	110	0	0	0	0	75	0	0	0	0	0	0	0	0	0	0
195a54476a1802d75e0e773601fe964b	0	0	0	0	0	0	0	0	0	0	0	0	0	0	0	0	0	0	0	0	0	0	0	0	0	0	0	0	0	0	0	0	0	0	191	0
402156ffeebf7502fc625ea06df1be55	0	0	0	0	10	0	0	0	0	0	0	0	0	0	0	82	0	0	0	0	0	0	0	0	0	0	0	0	0	0	82	0	0	0	0	15
72157e01d951b144c7e9174c09766338	0	0	0	0	0	0	0	0	0	0	0	0	0	0	0	0	0	0	0	0	0	0	0	0	0	0	0	0	0	0	0	0	0	0	176	0
b503d76e5f6f07ddb15148a5631658e8	0	0	0	0	5	0	0	0	0	0	0	0	0	0	0	0	0	0	15	27	70	0	0	0	0	55	0	0	0	0	0	0	0	0	0	0
151dc3710be852488064098205bb884f	0	0	0	0	0	0	19	0	0	0	0	0	0	0	0	0	0	0	0	0	0	0	0	0	0	94	0	0	0	0	0	0	0	0	0	56
5e6dea43c6ccdb2386931ab81e26f4b0	0	0	0	0	0	0	0	0	0	0	0	0	0	0	0	0	0	0	0	162	0	0	0	0	0	0	0	0	0	0	0	0	0	0	0	0
95b658713b837f142c9547ced7a08f8c	0	0	0	0	0	64	0	0	0	0	0	0	0	0	0	0	0	0	0	0	0	0	0	0	0	0	0	0	6	0	0	0	0	87	0	0
9f461b032accb5f13b074116bb0e201f	0	0	0	0	15	0	0	49	0	0	0	0	0	0	0	0	0	0	0	0	0	91	0	0	0	0	0	0	0	0	0	0	0	0	0	0
da0b467c34afa87cbdd4fbae859adf71	0	0	0	0	0	0	0	0	0	0	0	0	0	0	0	0	0	0	0	0	0	0	0	0	0	0	0	0	0	0	0	0	0	0	155	0
950ed17bffa92ef3ee8b0a6d3b69a96c	0	0	0	0	0	0	153	0	0	0	0	0	0	0	0	0	0	0	0	0	0	0	0	0	0	0	0	0	0	0	0	0	0	0	0	0
e4f7af9f761ed8f6abbdbc6e3226e017	0	0	0	0	0	0	0	0	0	0	0	0	0	0	0	0	0	0	0	0	0	0	0	0	0	0	0	0	0	0	0	0	0	0	152	0
eb2b4262f803757d8c06331c57dc7625	0	0	0	0	0	0	0	0	0	0	0	0	0	0	0	0	0	0	0	0	0	0	0	0	76	0	0	0	0	75	0	0	0	0	0	0
c67445ed68d61f49e41b7bdd1de019fb	0	0	0	0	0	0	14	0	0	0	0	0	0	0	0	26	0	0	0	0	34	0	0	0	0	60	0	0	0	0	0	0	0	0	0	14
d15bc449222795a9ff230013aa633686	0	0	0	0	0	0	7	0	0	0	0	0	0	0	0	0	0	29	0	0	16	0	21	0	0	0	0	42	0	0	0	0	0	31	0	0
e3f504747410ca83c6f4db7cfa3937e8	0	0	0	0	0	0	0	0	0	0	54	0	0	0	0	0	0	0	0	0	0	0	89	0	0	0	0	0	0	0	0	0	0	0	0	0
16871d63944b4c5448bb200a5044412d	0	0	0	0	0	0	0	0	0	0	0	0	0	0	0	0	0	0	0	0	0	0	0	0	0	0	0	0	0	0	0	0	0	0	143	0
d5e94b36ce9cd48d3998cac0bd4784e5	0	0	0	0	0	0	0	0	0	0	0	0	0	0	0	0	0	0	0	0	0	0	0	0	0	0	0	0	0	0	0	0	0	0	139	0
8cc8e6565ca94b2237fad1d81f5865c5	0	0	0	0	0	0	0	0	0	0	0	0	0	0	0	0	0	0	0	0	0	0	0	0	0	0	0	0	0	0	0	0	0	0	136	0
bddd9071ddb26eb16c0e4f9966614caf	0	0	0	0	0	0	0	0	0	0	0	0	0	0	0	0	0	0	0	0	0	0	0	0	0	0	0	0	0	0	0	0	0	0	136	0
a9164d01308501b576afa06256a15b0f	0	0	0	0	0	0	0	0	0	0	0	0	0	0	0	0	0	0	0	0	0	0	0	0	0	0	0	0	0	0	0	0	0	0	133	0
a0c405b99955989902e1275610b42863	0	0	0	0	0	0	0	0	0	0	0	0	0	0	0	0	0	0	0	0	0	0	0	0	0	0	0	0	0	0	0	0	0	0	132	0
959dc286520b67c745c48ca1be428c57	0	0	0	0	0	0	0	65	0	0	19	0	0	0	0	0	0	0	0	0	0	0	0	0	0	0	47	0	0	0	0	0	0	0	0	0
c51b322ed75792caff4c4e0939a2db0d	0	0	0	0	0	0	0	0	0	0	0	0	0	0	0	0	0	0	0	0	0	0	0	0	0	0	0	0	0	0	0	0	129	0	0	0
a052dcea8ad74666c400e5b5734fd1a5	0	0	0	0	126	0	0	0	0	0	0	0	0	0	0	0	0	0	0	0	0	0	0	0	0	0	0	0	0	0	0	0	0	0	0	0
a0c722778c2f897766210e31ce87afc6	0	0	0	0	0	0	0	0	0	0	0	0	0	0	0	0	125	0	0	0	0	0	0	0	0	0	0	0	0	0	0	0	0	0	0	0
fd52457ef6265b9c7ac482f0f9dfdadc	0	0	0	0	4	0	0	9	0	0	6	25	0	0	27	0	0	0	0	0	0	45	8	0	0	0	0	0	0	0	0	0	0	0	0	0
dcba105f35d8ebc9e22269c7491ad3a7	0	0	0	0	0	0	0	0	0	0	0	0	0	0	64	0	0	0	0	0	27	17	0	0	0	0	0	0	0	0	0	0	0	0	16	0
1a8bbc66d154d7cd469466a6dc7d00ae	0	0	0	0	0	0	0	0	0	0	0	0	0	0	0	0	0	0	0	0	0	0	0	0	0	0	0	0	0	0	0	0	123	0	0	0
30ad487e1e86be71afce4e03fd7553b5	0	0	0	0	0	0	0	0	0	74	0	0	0	0	0	0	48	0	0	0	0	0	0	0	0	0	0	0	0	0	0	0	0	0	0	0
f91620a00572d7258d0939608b5679f5	0	0	0	0	0	0	0	0	0	0	0	0	92	0	0	0	0	0	0	0	0	0	0	0	0	0	0	0	0	0	0	0	30	0	0	0
e555c9ffca5c28e9efdcf7efac57445b	0	0	0	0	0	0	0	0	5	0	0	0	0	0	0	0	0	0	8	82	0	0	0	0	8	0	0	0	0	0	0	0	0	18	0	0
00c4654e196c118c82ca65ad97405943	0	0	0	0	0	0	47	0	0	0	0	0	0	0	0	0	0	0	0	0	21	0	0	0	0	0	0	0	0	0	0	0	0	0	0	52
f429b6866ff36cab70982054439c4953	0	0	0	0	0	0	0	0	0	0	0	0	0	0	0	0	0	0	0	120	0	0	0	0	0	0	0	0	0	0	0	0	0	0	0	0
d49e465178f5ff7daad0abfcd7be8fa4	0	0	0	0	0	0	0	0	0	0	0	0	0	0	0	0	0	0	0	0	120	0	0	0	0	0	0	0	0	0	0	0	0	0	0	0
8a4bdc6594bd5db600e29e1992df508f	0	0	0	0	0	0	0	0	0	0	0	0	0	0	0	0	0	0	0	118	0	0	0	0	0	0	0	0	0	0	0	0	0	0	0	0
98f53519513214e968c569829a1471bb	0	0	0	0	0	0	0	0	0	0	0	0	0	0	0	0	0	0	0	0	0	0	0	0	0	0	0	0	0	0	0	0	0	0	117	0
3e74fcfd9b6132427f07fcd79cedebec	0	0	0	0	0	0	0	116	0	0	0	0	0	0	0	0	0	0	0	0	0	0	0	0	0	0	0	0	0	0	0	0	0	0	0	0
69179c4a6011d0c9d30036cf18626520	0	0	0	0	0	0	0	0	0	0	0	0	0	0	0	0	0	0	0	0	0	0	0	0	0	0	0	0	0	0	0	0	0	116	0	0
f19a711776291576f4f21308edf2f26b	0	0	0	0	0	0	0	0	0	0	0	0	0	0	0	0	0	0	0	0	0	0	0	0	0	0	0	0	0	0	0	0	0	113	0	0
7522d19b6cd971311b76b4c2345ffa71	0	0	0	0	0	0	0	0	0	0	0	23	0	9	0	15	0	0	0	0	20	0	0	18	0	0	0	0	0	0	12	0	0	0	0	14
4ca89d66497df1959e9fe9f9d811f081	0	0	0	0	0	0	0	30	0	0	6	46	0	6	12	0	0	0	0	0	0	0	0	0	0	0	9	0	0	0	0	0	0	0	0	0
c078028f66b50611d4da6a1f8dafb63d	0	0	0	0	34	0	0	0	0	0	19	0	0	0	0	0	0	0	0	0	0	0	0	29	0	0	0	0	0	0	0	26	0	0	0	0
7a42f8d0ad547edd1e651db19d6d1e6c	0	0	0	0	0	0	0	0	0	0	0	0	0	0	0	0	0	0	0	0	0	0	0	0	0	0	0	0	0	0	0	0	108	0	0	0
152a292c5e2b2b0c876aa94b142a19ac	0	0	0	0	0	0	0	0	0	0	0	0	0	0	0	0	0	0	0	0	0	0	0	0	0	0	0	0	0	0	0	0	0	0	108	0
c3318960d8dc74e5bfce33a4bc9a4eed	0	0	0	0	0	0	27	0	0	0	27	0	0	25	0	0	0	0	0	0	0	0	0	28	0	0	0	0	0	0	0	0	0	0	0	0
97991ce469a1cc109b514c89920eaa50	0	0	0	0	0	0	0	0	0	0	0	0	0	0	71	0	0	0	0	12	0	0	0	18	0	0	0	0	6	0	0	0	0	0	0	0
9457c8a3ad57746d25d8ada00a770ced	0	0	0	0	0	0	0	0	0	0	0	0	0	0	0	0	0	0	0	0	0	0	0	0	0	0	0	0	0	0	0	0	0	105	0	0
7142d3d4bc9f5115629c4c9a4f56a266	0	0	0	0	0	0	0	0	0	0	0	0	0	0	0	0	0	0	0	103	0	0	0	0	0	0	0	0	0	0	0	0	0	0	0	0
bc50a08afb8e2685392a431d18875933	0	0	0	0	0	0	0	0	0	0	0	0	0	0	0	0	0	0	0	0	0	0	0	0	0	0	0	0	103	0	0	0	0	0	0	0
1ed00288d63b81f91a202b4cdb55acd0	0	0	0	0	0	51	0	0	0	0	0	0	0	0	0	0	0	0	0	0	0	0	0	0	0	0	0	0	51	0	0	0	0	0	0	0
71f74aa94a931623e97d4cc6179fcf27	0	0	0	0	0	0	0	0	0	0	0	0	0	0	0	0	0	0	0	0	0	0	0	0	0	0	0	0	0	0	0	0	100	0	0	0
3e0668bf6bad51f5fcdee4028064a219	0	0	0	0	0	0	0	0	0	0	0	0	0	0	0	0	0	0	0	0	0	0	0	0	0	0	0	0	0	0	0	0	0	0	99	0
1f3dc9e2e79a98010379fb818fc810a3	0	0	0	0	0	0	0	0	0	0	0	0	0	0	0	0	0	0	0	0	0	0	0	0	0	0	0	0	0	98	0	0	0	0	0	0
6f7fdad1419595b3bb1e5ceda289402b	0	0	0	0	0	0	0	0	0	0	0	0	0	0	0	0	0	0	0	0	0	0	0	0	0	0	0	0	0	0	0	0	0	0	98	0
6775d2384a80a0558a46dd8c79c12762	0	0	0	0	0	0	0	0	0	0	0	0	0	0	0	0	0	0	0	0	0	0	0	0	0	24	0	0	0	0	72	0	0	0	0	0
6323ea4c2e6fe601220a3156c90feb9b	0	0	0	0	0	0	0	0	0	0	0	0	0	0	0	0	0	0	0	0	0	0	0	0	0	0	0	0	0	0	0	0	96	0	0	0
8576d2573002be02bd8316068ea862a8	0	0	0	0	0	0	0	0	0	0	0	0	0	0	0	0	0	0	0	0	0	0	0	0	0	0	0	0	0	0	0	0	0	0	0	96
109c727cb6fd6f9590d490ec52946dd3	0	0	0	0	0	0	95	0	0	0	0	0	0	0	0	0	0	0	0	0	0	0	0	0	0	0	0	0	0	0	0	0	0	0	0	0
b3d2cc3b9f0184830bec2ef73bcc6166	0	0	0	0	0	0	0	0	0	0	0	0	0	0	0	50	0	0	0	0	23	0	0	0	0	22	0	0	0	0	0	0	0	0	0	0
1f6eaf2b68354de72677d7c2e511ff35	0	0	0	0	0	0	0	0	0	0	0	0	0	0	0	0	0	0	0	95	0	0	0	0	0	0	0	0	0	0	0	0	0	0	0	0
02fdb6e779e484f7f66c06f4cd4dcb60	0	0	0	0	0	0	0	0	0	0	0	0	0	0	0	0	0	0	0	95	0	0	0	0	0	0	0	0	0	0	0	0	0	0	0	0
1bc599cac5647c5c30496e93ca551557	0	0	0	0	0	0	0	0	0	0	0	0	0	0	0	0	0	0	0	0	3	0	0	0	0	25	0	0	0	0	0	0	0	0	49	17
799eca8a2d7eda5b8522c90f695b85f6	0	0	0	0	0	0	0	0	0	0	0	0	0	0	0	0	0	0	0	0	0	0	0	0	0	0	0	0	0	0	0	0	0	16	0	78
d59a1dcbd2bfc39d9edb662298d1345e	0	0	0	0	0	0	0	0	0	0	0	0	0	0	0	0	0	0	0	0	0	0	0	0	0	0	0	0	0	0	0	0	0	0	94	0
519465d5013a3d0c00ba0e3a8db5afd4	0	0	0	0	0	0	0	0	0	0	0	0	0	0	0	0	0	0	0	93	0	0	0	0	0	0	0	0	0	0	0	0	0	0	0	0
cfca6f20d697cfc02a31c5465b2ffb19	0	0	0	0	0	0	0	0	0	0	0	0	0	0	0	0	0	0	0	0	0	0	0	0	0	0	0	0	0	0	0	0	93	0	0	0
4dd021ec5a9a60ebf8cf989b62bf7fb6	0	0	0	0	0	0	0	0	8	0	17	0	0	0	0	0	0	39	0	0	0	0	17	0	0	0	0	4	0	0	0	0	0	7	0	0
b170a73c718ba69c500e017ff37a105b	0	0	0	0	0	0	0	0	0	0	0	0	0	0	0	0	92	0	0	0	0	0	0	0	0	0	0	0	0	0	0	0	0	0	0	0
8495a7602793efbeca7e9822804d198a	0	0	0	0	0	0	0	0	0	0	0	0	0	0	0	0	0	0	0	0	0	0	0	0	0	0	0	16	0	0	0	0	0	76	0	0
db58f3e2e0ca2c54c44bacdd72c3fb99	0	0	0	0	0	0	0	0	0	0	0	0	0	0	0	50	0	0	0	0	36	0	0	0	0	0	0	0	0	0	5	0	0	0	0	0
5f676e17b06e4d9f5695c87259abfdeb	0	0	0	0	0	0	0	0	0	0	0	0	0	0	0	0	0	0	0	0	0	0	0	0	0	12	0	0	0	0	79	0	0	0	0	0
9a0ad46b41a94554dbde8595c5e69ee4	0	0	0	0	0	0	0	0	0	0	0	0	0	0	0	0	0	0	0	0	0	0	0	0	0	0	0	0	0	0	0	0	0	0	90	0
9a7b3b2fca3e1ec58d65f2f0048f625d	0	0	0	0	0	0	0	0	0	0	0	0	0	0	0	0	0	0	0	0	0	89	0	0	0	0	0	0	0	0	0	0	0	0	0	0
7a0efbf54236a26d6377620a58b8c60b	0	0	0	0	0	0	0	0	0	0	0	0	0	0	0	0	88	0	0	0	0	0	0	0	0	0	0	0	0	0	0	0	0	0	0	0
eb28b1a40981d38e6a0aab251174dae1	0	0	0	0	0	0	0	0	0	0	0	0	0	0	0	0	0	0	0	0	0	0	0	0	0	0	0	0	0	0	0	0	0	0	88	0
65d43491988bfe557da4d86a5ba25dae	0	0	0	0	0	0	0	0	19	0	0	0	0	0	0	0	0	0	0	0	0	0	0	0	0	0	0	0	0	0	0	0	0	0	68	0
05c2d2963f606b1530be56ab8ce2e427	0	0	0	0	0	0	0	0	0	0	0	0	0	0	0	0	0	0	0	0	0	0	0	0	0	0	0	0	0	0	0	0	0	0	87	0
d37e5d92d719f9d63421945eaf6233bb	0	0	0	0	0	0	86	0	0	0	0	0	0	0	0	0	0	0	0	0	0	0	0	0	0	0	0	0	0	0	0	0	0	0	0	0
bcabb3769954f30d9eac96eea3e97a46	0	0	0	0	6	0	0	27	0	0	22	0	0	23	0	0	0	0	0	0	0	0	0	0	0	0	0	0	0	0	0	7	0	0	0	0
0595a214df18f3514634f3f77711f049	0	0	0	0	0	0	0	0	0	0	0	0	85	0	0	0	0	0	0	0	0	0	0	0	0	0	0	0	0	0	0	0	0	0	0	0
92d43275bdbee71a13c1373e48b63fc4	0	0	0	0	0	0	0	0	0	0	0	0	0	0	0	0	0	0	0	0	16	0	0	0	0	31	0	0	0	0	38	0	0	0	0	0
ee72ee97db064e5d745356f479b9e576	0	0	0	0	0	0	0	0	0	0	0	0	0	0	0	0	0	0	0	0	0	0	0	0	0	0	0	0	0	0	0	0	85	0	0	0
eb24d8a9fc68200673ae3773cf65260e	0	0	0	0	0	0	0	0	0	0	0	0	0	0	0	0	0	0	0	0	0	0	0	0	0	0	0	0	0	0	0	0	0	85	0	0
5a659fafd2c2859a9777c3fed0f5d304	0	0	0	0	0	0	0	10	0	0	19	16	0	9	0	0	0	0	0	0	0	0	0	0	0	0	0	2	0	0	0	28	0	0	0	0
0553c44773bd3590229b0380df384997	0	0	0	0	0	0	0	0	0	0	0	0	0	0	0	0	84	0	0	0	0	0	0	0	0	0	0	0	0	0	0	0	0	0	0	0
19242d6e262c55c76fdde74fbd05d9ad	0	0	0	0	0	0	0	0	0	0	0	0	0	0	0	0	0	0	0	0	0	0	0	0	0	0	0	0	0	0	0	0	28	56	0	0
84d35a75b69770280facfba48c55f5c0	0	0	0	0	0	0	0	0	0	0	0	0	0	0	0	0	0	0	0	0	0	0	0	0	0	0	0	0	0	0	0	0	0	0	84	0
46a248f376772c74aed6a25c014ecf0c	0	0	0	0	0	0	0	0	0	0	0	0	0	0	83	0	0	0	0	0	0	0	0	0	0	0	0	0	0	0	0	0	0	0	0	0
24051ef88d0304b64d9d8f9b863126e6	0	0	0	0	0	0	0	0	0	0	0	0	0	10	0	0	0	0	0	0	0	0	0	0	0	0	0	0	0	0	0	0	0	72	0	0
f9bbf6068ad62cde43cc5458e7eefb33	0	0	0	0	0	0	0	0	29	0	15	0	0	16	0	0	0	0	0	0	0	0	21	0	0	0	0	0	0	0	0	0	0	0	0	0
84a9b9ff95e270eb2bebe61c3cc18fd3	0	0	0	0	0	0	0	0	0	0	0	62	0	0	0	0	0	0	0	0	0	0	0	19	0	0	0	0	0	0	0	0	0	0	0	0
9dbf8611beee8c9a4bfb62eaa5476d1e	0	0	0	0	0	0	0	0	0	0	0	0	0	0	0	0	0	0	0	0	0	0	0	0	0	0	0	0	0	81	0	0	0	0	0	0
2027809904cc70c4cd84e6e38d141eb4	0	0	0	0	0	0	0	0	0	0	0	0	0	0	0	0	0	0	0	0	0	0	0	0	0	0	0	0	0	0	0	0	0	0	80	0
a484aaa20801bae39a35adfb88c30ab8	0	0	0	0	18	0	0	0	0	0	20	28	0	0	0	0	0	0	0	0	0	0	0	0	0	0	0	0	0	0	0	13	0	0	0	0
47df8e122dd7af8634d1d97ce78f44f6	0	0	0	0	0	0	0	0	0	0	0	0	0	0	57	0	0	0	0	0	0	0	0	22	0	0	0	0	0	0	0	0	0	0	0	0
8d166f8864673c8ca4af14c17629735d	0	0	0	0	0	0	0	0	0	0	0	0	0	0	0	0	0	0	0	0	0	0	0	0	0	0	0	0	0	0	0	0	0	0	79	0
16c77ed3415d77986142e3074992f677	0	0	0	0	0	0	0	0	0	0	0	43	0	0	35	0	0	0	0	0	0	0	0	0	0	0	0	0	0	0	0	0	0	0	0	0
860407acce9e33af6012213075f4218e	0	0	0	0	0	0	0	0	77	0	0	0	0	0	0	0	0	0	0	0	0	0	0	0	0	0	0	0	0	0	0	0	0	0	0	0
ea29106da164019ad4d5a12800274cbb	0	0	0	0	0	0	0	0	0	0	0	0	0	0	0	0	0	0	0	0	0	0	0	0	0	0	0	0	0	0	0	0	77	0	0	0
c50ec79ea5341241c6737d55a1e71ee2	0	0	0	0	0	0	0	0	0	0	0	0	0	0	0	0	0	0	0	0	0	0	0	0	0	0	0	0	0	0	0	0	0	0	77	0
a555a875d5702a1347c93551b58debc0	0	0	0	0	0	0	0	76	0	0	0	0	0	0	0	0	0	0	0	0	0	0	0	0	0	0	0	0	0	0	0	0	0	0	0	0
14cf4e14abae6cdf55c4abeab2b2be66	0	0	0	0	0	0	0	0	0	0	0	0	0	0	0	0	0	0	0	0	0	0	0	0	0	0	0	0	0	0	0	0	0	0	76	0
37932bc925b6f5f390dfc835d32ed9d8	0	0	0	0	0	0	0	0	0	0	0	0	0	0	0	0	0	0	0	0	0	0	0	0	0	0	0	0	0	0	0	0	0	0	76	0
87ace68671b521fa779b33d5fcf2b782	0	0	0	0	0	0	0	0	0	0	0	0	0	0	0	0	0	0	0	0	0	0	0	0	0	0	0	0	0	0	0	0	0	0	76	0
1fd6bc25da83cd0fb75d720b1011c0ba	0	0	0	0	0	0	0	0	0	0	0	0	0	0	0	0	0	0	0	0	0	0	0	0	0	0	0	75	0	0	0	0	0	0	0	0
a1cfb91b2376174aceaa69e673c337f0	0	0	0	0	0	0	0	0	14	0	0	0	0	0	0	0	0	0	0	0	0	0	0	0	0	0	0	0	0	0	0	0	0	60	0	0
8e683899749b8e77d28f30c2526eb92a	0	0	0	0	0	0	0	0	0	0	0	0	0	0	0	0	0	0	0	0	0	0	0	0	0	0	0	74	0	0	0	0	0	0	0	0
57482424f6ba4257a6dacbcbac99e8c0	0	0	0	0	0	0	0	0	0	0	0	0	0	0	0	0	0	0	0	0	0	0	0	0	0	0	0	0	0	0	0	0	74	0	0	0
1773d11800550bc1653997002f9ef072	0	0	0	0	0	0	0	0	0	0	0	0	0	0	0	0	0	0	0	0	0	0	0	0	0	0	0	0	0	0	0	0	0	0	74	0
cbc34de082e3106e8ca969c65715a787	0	0	0	0	0	0	0	0	0	0	0	0	0	0	0	0	0	0	0	0	0	0	0	0	0	0	0	0	0	0	0	0	0	0	74	0
d892d40bc79d0c356bd2886ce8d120ee	0	0	0	0	0	0	0	0	0	0	0	0	0	0	0	0	0	0	0	0	0	0	0	0	0	0	0	0	0	0	0	0	0	0	73	0
727c46ec87de41ab832da40af8c8175f	0	0	0	0	0	0	0	0	0	0	0	0	0	0	0	0	0	0	0	0	0	0	0	0	0	0	0	0	0	0	0	0	0	0	72	0
d2ac92ef7b0297714611e7160d79672a	0	0	0	0	0	0	0	0	0	0	39	0	0	32	0	0	0	0	0	0	0	0	0	0	0	0	0	0	0	0	0	0	0	0	0	0
0f1608790921472175af09eb2a30d25e	0	0	0	0	70	0	0	0	0	0	0	0	0	0	0	0	0	0	0	0	0	0	0	0	0	0	0	0	0	0	0	0	0	0	0	0
20b2a1cd685acf58314fb59252a14448	0	0	0	0	0	0	0	28	0	0	0	0	0	0	0	0	0	0	0	0	0	42	0	0	0	0	0	0	0	0	0	0	0	0	0	0
585acbab6a2210c0f4feb3a5180a89a3	0	0	0	0	0	0	0	0	0	0	0	0	0	0	0	0	0	0	0	0	0	0	0	0	0	0	0	0	0	0	0	0	0	0	70	0
1641a032847992b34d05bca842914ec3	0	0	0	0	0	0	0	0	0	0	0	0	0	0	0	0	0	0	0	0	0	0	0	0	0	0	0	0	0	0	0	0	0	0	70	0
aaa3fb74ac1ddc2932552bf55a2ace5c	0	0	0	0	0	0	0	0	0	0	0	0	0	0	0	0	0	0	0	0	0	0	0	0	0	0	0	0	0	0	0	0	0	0	70	0
0bbcd98acd8be6d79ee58f197e4cf265	0	0	0	0	0	0	0	0	0	0	0	0	69	0	0	0	0	0	0	0	0	0	0	0	0	0	0	0	0	0	0	0	0	0	0	0
82dece6e35540738ba450a0c3a90b5a0	0	0	0	0	0	0	0	0	0	0	0	0	0	0	0	0	0	0	0	0	47	0	0	0	0	22	0	0	0	0	0	0	0	0	0	0
8ce12e88f6b59bb09494567f0d678092	0	0	0	0	0	0	0	9	0	0	0	0	0	0	0	0	0	0	0	0	29	0	0	0	0	13	0	0	0	0	17	0	0	0	0	0
7609d8c2d5aa7c834e525b3362d577a9	0	0	0	0	0	0	0	0	0	0	0	0	68	0	0	0	0	0	0	0	0	0	0	0	0	0	0	0	0	0	0	0	0	0	0	0
c344ce026a87074b9f957a1ef3b289f0	0	0	0	0	0	0	0	0	0	0	0	0	0	0	0	0	0	0	0	0	0	0	0	68	0	0	0	0	0	0	0	0	0	0	0	0
ed588a1b13ffddd737c98bf5b1fbc9e9	0	0	0	0	0	0	0	0	0	0	0	0	0	0	0	0	0	0	0	0	0	0	0	0	0	0	0	0	0	68	0	0	0	0	0	0
fc4d567d1d0828e1fdc36916f0d53d15	0	0	0	0	0	0	0	0	0	0	0	0	0	0	0	0	0	0	0	0	0	0	0	0	0	0	0	0	0	0	0	0	0	0	68	0
c6b51ecd2f06425be75d9a1634421432	0	0	0	0	0	0	0	0	0	0	0	0	67	0	0	0	0	0	0	0	0	0	0	0	0	0	0	0	0	0	0	0	0	0	0	0
1a56ad3ec2b87cfbeaba8976be08b4b9	0	0	0	0	0	0	0	0	0	0	0	0	0	0	0	0	0	0	0	59	0	6	0	0	0	0	2	0	0	0	0	0	0	0	0	0
7a7d59f447d04228aa5efe7c70769bb0	0	0	0	0	0	0	0	0	0	0	0	0	0	0	0	0	0	0	0	0	0	0	0	0	0	0	0	0	0	0	0	0	0	0	67	0
8b4ad087539bb0607a7d040d4adfa869	0	0	0	0	23	0	0	0	0	0	31	12	0	0	0	0	0	0	0	0	0	0	0	0	0	0	0	0	0	0	0	0	0	0	0	0
9207bf5e78e77c8ecb9d079b8ce7dc8b	0	0	0	0	0	0	0	0	0	0	0	0	0	0	0	0	0	0	0	0	0	0	0	0	0	0	0	0	0	0	0	0	0	0	66	0
2ab9b07d005b883c60a565dbae834596	0	0	0	0	0	0	0	0	0	0	0	0	0	0	0	0	0	0	0	0	0	0	0	0	0	0	0	0	0	0	0	0	0	0	66	0
06536444176a62069ec8d4cb44754a6e	0	0	0	0	0	0	0	0	0	0	0	0	0	0	0	0	0	0	0	0	0	0	0	0	0	0	0	0	0	0	0	0	0	65	0	0
3e23e42b88e2bc6eb258186170561051	0	0	0	0	0	0	0	0	0	0	0	0	0	0	0	0	0	0	0	0	0	0	0	0	0	0	0	0	0	0	0	0	0	0	65	0
c77804d899566252c7b43b4d2c0cecc6	0	0	0	0	0	0	0	0	0	64	0	0	0	0	0	0	0	0	0	0	0	0	0	0	0	0	0	0	0	0	0	0	0	0	0	0
726db096ec3a11abb2389a648aae91d4	0	0	0	0	0	0	0	0	0	0	0	0	0	0	0	0	0	0	0	0	0	0	0	0	0	0	32	0	0	0	0	32	0	0	0	0
5f9584c24e2c63ef110480648a4cad66	0	0	0	0	0	0	0	0	0	0	0	0	0	0	0	0	0	0	0	0	0	0	0	0	0	0	0	0	0	0	0	0	0	0	64	0
0ddcd311e02f742e2e0e61ce02cf9c29	0	0	0	0	0	0	0	0	0	0	0	0	0	0	0	0	0	0	0	0	0	0	0	0	0	0	0	0	0	0	0	0	0	0	63	0
9da5da699c4aa12c2f23f64f7f75ab3c	0	0	0	0	0	0	0	0	0	0	0	0	0	0	0	0	0	0	0	0	0	0	0	0	0	0	0	0	0	0	0	0	0	0	63	0
33bbf1617f1e992dfe01f450fc8e6181	0	0	0	0	6	0	0	28	0	0	0	0	0	0	0	0	0	0	0	0	0	18	0	0	0	0	0	0	0	0	0	9	0	0	0	0
2ef95c3edc75b7308de266af950e18d9	0	0	0	0	0	0	0	0	0	0	0	0	0	0	61	0	0	0	0	0	0	0	0	0	0	0	0	0	0	0	0	0	0	0	0	0
bd86d9876b10dde9a395bb8619729d44	0	0	0	0	0	0	0	0	0	0	0	0	0	0	0	0	0	0	0	61	0	0	0	0	0	0	0	0	0	0	0	0	0	0	0	0
d605396c6657c10999537a0355a94833	0	0	0	0	0	0	0	0	0	0	0	0	0	0	0	0	0	0	0	0	0	0	0	0	0	0	0	0	0	0	0	0	61	0	0	0
536a7792d8cf0d31478c056a0c21fd66	0	0	0	0	0	0	0	0	0	0	0	0	0	0	0	0	0	0	0	0	0	0	0	0	0	0	0	0	0	0	0	0	61	0	0	0
2996e7169ef5da60684e1eb760c76b25	0	0	0	0	0	31	0	0	0	0	0	0	0	0	0	0	0	0	0	0	0	0	0	0	0	0	0	0	29	0	0	0	0	0	0	0
f3a83cd51b5eee8b9110d28bd3fa71d3	0	0	0	0	0	0	60	0	0	0	0	0	0	0	0	0	0	0	0	0	0	0	0	0	0	0	0	0	0	0	0	0	0	0	0	0
0414019fbf6990da9b14a5c07fa51e88	0	0	0	0	0	0	0	0	0	0	0	0	0	0	0	6	0	0	0	0	10	0	0	0	0	29	0	0	0	0	15	0	0	0	0	0
de3ba973578d4603e5b8537accc26621	0	0	0	0	0	0	0	0	0	0	59	0	0	0	0	0	0	0	0	0	0	0	0	0	0	0	0	0	0	0	0	0	0	0	0	0
6ee3e3216baf7b4d07c0db963b20e885	0	0	0	0	0	0	0	0	0	0	0	0	0	0	0	0	0	0	0	0	0	0	0	0	0	0	0	0	0	0	0	0	0	0	59	0
54f0633a75b5d05368d1dd64668a55f4	0	0	0	0	0	0	0	58	0	0	0	0	0	0	0	0	0	0	0	0	0	0	0	0	0	0	0	0	0	0	0	0	0	0	0	0
c2d5b1fe7e78d3d6f19b77c071c5c0f8	0	0	0	0	0	0	0	0	0	58	0	0	0	0	0	0	0	0	0	0	0	0	0	0	0	0	0	0	0	0	0	0	0	0	0	0
d8147479a31fc5a28e4f606c34ce2627	0	0	0	0	0	0	0	0	0	0	58	0	0	0	0	0	0	0	0	0	0	0	0	0	0	0	0	0	0	0	0	0	0	0	0	0
6cb38cf39e3e24e8473c13e0f3447682	0	0	0	0	0	0	0	0	0	0	0	0	0	0	0	0	0	0	0	0	0	0	0	0	0	0	0	0	0	0	0	0	0	0	57	0
04bb825261fc78b331ac59d646a770e6	0	0	0	0	0	0	0	0	0	0	0	0	0	0	0	0	0	0	0	0	0	0	0	0	0	0	0	0	0	0	0	0	0	0	56	0
47845e628f9b9b82d4661a2464c726fb	0	0	0	0	0	0	0	0	0	0	0	0	0	0	0	0	0	0	0	0	0	0	0	0	0	0	0	0	0	0	0	0	0	0	56	0
ef6f343f05be79a7923ee11ab700c336	0	0	0	0	0	0	0	0	0	0	0	0	0	0	0	0	0	0	0	0	0	0	0	0	0	0	0	0	0	0	0	0	0	0	56	0
0950ae5a80c152ef69b30ae90b0b18a6	0	0	0	0	0	0	0	0	0	0	0	0	0	0	0	0	0	0	0	0	0	0	0	0	0	0	0	0	0	0	0	0	0	0	55	0
dfbaaf19bfb6d2cc7f6084e7a7fc41aa	0	0	0	0	0	0	0	0	0	0	0	0	0	0	0	0	0	0	0	0	0	0	0	0	0	0	0	0	0	0	0	0	0	0	55	0
63cc9e749a06756a97d1f45b5f81d7da	0	0	0	0	0	0	0	0	0	0	0	0	0	0	54	0	0	0	0	0	0	0	0	0	0	0	0	0	0	0	0	0	0	0	0	0
04bfa26b3209850428c4ae09b1d4f4b8	0	0	0	0	0	0	0	0	0	0	0	0	0	0	0	0	0	18	0	0	0	0	26	0	0	0	0	10	0	0	0	0	0	0	0	0
c36b800392505875fc0a47cabc418a21	0	0	0	0	0	0	0	0	0	0	0	0	0	0	0	0	0	0	0	0	0	0	0	0	0	0	0	0	0	54	0	0	0	0	0	0
81657d01faf338e6e9b4ac6f17293b40	0	0	0	0	0	0	0	0	0	0	0	0	0	0	0	0	0	0	0	0	0	0	0	0	0	0	0	0	0	0	0	0	0	0	54	0
944e9a646f016d14d18785178dba49db	0	0	0	0	0	0	0	0	0	0	0	0	0	0	0	0	0	0	0	0	0	0	0	0	0	0	0	0	0	0	0	0	0	0	54	0
97b0501ba0abab6a98779ce3b328c243	0	0	0	53	0	0	0	0	0	0	0	0	0	0	0	0	0	0	0	0	0	0	0	0	0	0	0	0	0	0	0	0	0	0	0	0
00d4306620fb956f4cb8ea6616da13a3	0	0	0	0	0	0	0	0	19	0	0	0	0	0	0	0	0	0	0	0	0	0	0	0	0	0	0	0	0	0	0	0	0	34	0	0
4d01c2c1cd60679c17a5c5344362af97	0	0	0	0	0	0	0	0	0	0	0	0	0	0	0	0	0	0	0	0	0	0	0	0	0	0	0	0	53	0	0	0	0	0	0	0
351b4ed08a09ea4f6d8bf9b987a97c61	0	0	0	0	0	0	0	0	0	0	0	0	0	0	0	0	0	0	0	0	0	0	0	0	0	0	0	0	0	0	0	0	0	0	53	0
020f48a69f9bf40e54fbac885f94695a	0	0	0	0	0	0	0	0	0	0	0	0	0	0	0	0	0	0	0	0	0	0	0	0	0	0	0	0	0	0	0	0	0	0	53	0
d4b47821b9c53e2423fcdf8b449a41c1	0	0	0	0	0	0	0	13	0	0	0	0	0	0	0	0	0	0	0	0	0	25	0	0	0	0	5	0	0	0	0	9	0	0	0	0
b38ffd8dfa02ac188a3d31bbaafa8162	0	0	0	0	0	0	0	0	0	0	0	0	0	0	0	0	52	0	0	0	0	0	0	0	0	0	0	0	0	0	0	0	0	0	0	0
308ae144f1425bea84af392a0c13a108	0	0	0	0	0	0	0	0	0	0	0	0	0	0	0	0	0	0	0	0	0	0	0	0	0	0	0	0	0	0	0	0	0	52	0	0
bd2892ed36416370a99d4ff13de80395	0	0	0	0	0	0	0	0	0	0	0	0	0	0	0	0	0	0	0	0	0	0	0	0	0	0	0	0	0	0	0	0	0	0	51	0
cea3073426abed8fef8210768afcc70f	0	0	0	0	0	0	0	0	0	0	0	0	0	0	0	0	0	0	0	0	0	0	0	0	0	0	0	0	0	0	0	0	0	0	51	0
03beb181f7dda6726ba29d03776f5b40	0	0	0	0	0	0	0	0	0	0	0	0	0	0	0	0	50	0	0	0	0	0	0	0	0	0	0	0	0	0	0	0	0	0	0	0
9ce0ff5ba64889b92783473378c0bf5c	0	0	0	0	0	0	0	0	0	0	0	0	0	0	0	0	50	0	0	0	0	0	0	0	0	0	0	0	0	0	0	0	0	0	0	0
dea3a43ee3b740e5d640b1a538028d2d	0	0	0	0	0	0	0	0	0	0	0	0	0	0	0	0	0	0	0	0	0	0	0	0	0	0	0	0	0	0	0	0	0	0	50	0
35bae0b4270fdc0cc3e520cf72246623	0	0	0	0	0	0	0	0	0	0	0	0	0	0	0	0	0	0	0	0	0	0	0	0	0	0	0	0	0	0	0	0	0	0	50	0
86b1390c7b32985c3199ebed10f53604	0	0	0	0	0	0	0	21	0	0	0	0	0	0	0	0	0	0	0	0	0	19	0	0	0	0	0	0	0	0	0	9	0	0	0	0
9eee607171522732b175952e714df0fd	0	0	0	0	0	0	0	0	0	0	0	0	0	0	0	0	0	0	0	0	0	49	0	0	0	0	0	0	0	0	0	0	0	0	0	0
17527d31848c0f1a626290d1f7d2acde	0	0	0	0	0	0	0	0	0	0	0	0	0	0	0	0	0	0	0	0	0	0	0	0	0	0	0	0	0	0	0	49	0	0	0	0
2249e7a5b2391dd247da54e83aabf856	0	0	0	0	0	0	0	0	0	0	0	0	0	0	0	0	0	0	0	0	0	0	0	0	0	0	0	0	0	0	0	0	0	0	49	0
ebafa0b1528c64e4eb0e519fb5f22e88	0	0	0	0	0	0	0	0	0	0	0	0	0	0	0	0	0	0	0	0	0	0	0	0	0	0	0	0	0	0	0	0	48	0	0	0
e0436935df68b6dc2817352c17c1220c	0	0	0	0	0	0	0	0	0	0	0	0	0	0	0	0	0	0	0	0	0	0	0	0	0	0	0	0	0	0	0	0	0	0	48	0
e9456f238a35d1cadc72c87c41f7611d	0	0	0	0	0	0	0	0	0	47	0	0	0	0	0	0	0	0	0	0	0	0	0	0	0	0	0	0	0	0	0	0	0	0	0	0
e9c5c7f40dc0d24681936be2db1c8467	0	0	0	0	0	0	0	0	0	0	0	0	24	0	0	0	0	0	0	23	0	0	0	0	0	0	0	0	0	0	0	0	0	0	0	0
9fac9221588fad6ce2780296e103911f	0	0	0	0	0	0	0	0	0	0	0	0	0	0	0	0	0	0	0	0	0	0	0	0	0	0	0	0	0	47	0	0	0	0	0	0
9b4dcbc685e4754ca6142c246e0fad0a	0	0	0	0	0	0	0	0	0	0	0	0	0	0	0	0	0	0	0	0	0	0	0	0	0	0	0	0	0	0	0	0	47	0	0	0
cca9da3e03bac557ccba323df253ea41	0	0	0	0	0	0	0	0	0	0	0	0	0	0	0	0	0	0	0	0	0	0	0	0	0	0	0	0	0	0	0	0	0	0	47	0
d0850fa09a74f1ae098a74cbad99df1c	0	0	0	0	0	0	0	26	0	0	0	0	0	0	0	0	0	0	0	0	0	20	0	0	0	0	0	0	0	0	0	0	0	0	0	0
2b10837974a91b3f653f5eed1f93e936	0	0	0	0	0	0	0	7	0	0	0	0	0	0	0	0	0	0	0	0	0	0	0	0	0	0	0	13	0	17	0	9	0	0	0	0
4a0b292ba716582f9af46694458c0b9b	23	0	0	0	0	0	0	12	0	0	0	0	0	0	0	0	0	0	0	0	0	0	0	4	0	0	0	0	0	0	0	0	0	0	6	0
83dabe1ddf95778e72f74567126490e6	0	0	0	0	0	0	0	0	0	0	0	0	0	0	27	0	0	0	0	18	0	0	0	0	0	0	0	0	0	0	0	0	0	0	0	0
29fbc7e5021229480248fa7466a499a2	0	0	0	0	0	0	0	0	0	0	0	0	0	0	0	0	0	0	0	0	0	0	0	0	0	0	0	0	0	0	0	0	0	0	45	0
a7e1613d45a66e914070a05ff3e37e10	0	0	0	0	0	0	0	0	0	0	0	0	0	0	0	0	0	0	0	0	0	0	0	0	0	0	0	0	0	0	0	0	0	0	45	0
d2f6820792c83b28aede1e47127c9109	0	0	0	0	0	0	0	0	0	0	0	0	0	0	0	0	0	0	0	0	0	0	0	0	0	0	0	0	0	0	0	0	0	0	45	0
0431ff49fa29bc315a6fcbd65d596996	0	0	0	0	0	0	0	0	0	0	0	0	0	0	0	0	0	0	0	0	0	0	0	0	0	0	0	0	0	0	0	0	0	0	45	0
a2bbf25303559235d53c584cd9729a61	0	0	0	0	0	6	0	0	0	0	0	0	0	0	0	0	0	0	0	0	0	0	0	0	0	0	0	0	0	0	0	0	0	38	0	0
9c7422a3a4ea092153a2fbc0fe158fa7	0	0	0	0	0	0	0	35	0	0	9	0	0	0	0	0	0	0	0	0	0	0	0	0	0	0	0	0	0	0	0	0	0	0	0	0
9a6fae21fe0597c8731df8a2e91d14a5	0	0	0	0	0	0	0	0	0	0	0	0	0	0	0	0	0	0	0	44	0	0	0	0	0	0	0	0	0	0	0	0	0	0	0	0
fd9f31aaeef438b2af527327b9872546	0	0	0	0	0	0	0	0	0	0	0	0	0	0	0	0	0	0	0	0	0	0	0	0	0	0	0	0	0	0	0	0	0	0	44	0
2a39f0b75d31d00b3136b2edbe82962e	0	0	0	0	0	0	0	0	0	0	0	0	0	0	0	0	0	0	0	0	0	0	0	0	0	0	0	0	0	0	0	0	0	0	44	0
f23851629ba4ad2f29d52ba3d64e8d24	0	0	0	0	0	0	0	0	0	0	0	0	0	0	4	0	0	0	0	39	0	0	0	0	0	0	0	0	0	0	0	0	0	0	0	0
f164333e56acb7153497d132b451deb7	0	0	0	0	0	0	0	0	0	0	0	0	0	0	0	0	0	0	0	43	0	0	0	0	0	0	0	0	0	0	0	0	0	0	0	0
b736dd682ab7fea6e0cc39fa1c8378bb	0	0	0	0	0	0	0	0	0	0	0	0	0	0	0	0	0	0	0	0	0	0	0	0	0	0	0	0	0	0	0	0	0	0	43	0
a34c4f97e83dabe85f2043f1c2896d49	0	0	0	0	0	10	0	0	0	0	0	0	0	0	0	0	0	0	0	0	0	0	0	0	0	0	0	0	32	0	0	0	0	0	0	0
f698bc60e827ed25fbba1b6bc4745a33	0	0	0	0	0	0	0	0	42	0	0	0	0	0	0	0	0	0	0	0	0	0	0	0	0	0	0	0	0	0	0	0	0	0	0	0
69beaeda69af94d0ffa1e11ac20a4ac6	0	0	0	0	0	0	0	0	0	0	0	0	0	9	0	0	0	22	0	0	0	0	11	0	0	0	0	0	0	0	0	0	0	0	0	0
f201bd5c5ac3577c838b68a6a818d6e4	0	0	0	0	0	0	0	0	0	0	0	0	0	0	0	0	0	0	0	0	0	0	0	0	0	0	42	0	0	0	0	0	0	0	0	0
41601343e5fada6be4ebd4bcd85871ec	0	0	0	0	0	0	0	0	0	0	0	0	0	0	0	0	0	0	0	0	0	0	0	0	0	0	0	0	0	0	0	0	0	0	42	0
f3b8f08a53fffbe7b09608035072179c	0	0	0	0	0	0	0	0	0	0	0	0	0	0	0	0	0	0	0	0	0	0	0	0	0	0	0	0	0	0	0	0	0	0	42	0
8affc3372dd79282c7f4f49b2bc24d60	0	0	0	0	0	0	0	0	0	0	0	0	0	0	0	0	0	0	0	0	0	0	0	0	0	0	0	0	0	0	0	0	0	0	0	42
5c5593be6119388183d1bd4e72fbb7bf	0	0	0	0	0	0	0	0	0	0	0	0	41	0	0	0	0	0	0	0	0	0	0	0	0	0	0	0	0	0	0	0	0	0	0	0
2b77359306bbc33b0cb6452265701700	0	0	0	0	0	0	0	0	0	0	0	0	0	0	13	0	0	0	0	0	0	0	0	0	0	0	0	0	0	17	11	0	0	0	0	0
f34cdcd73e535507d29c29b19d01f658	0	0	0	0	0	0	0	0	0	0	0	0	0	0	0	0	0	0	0	41	0	0	0	0	0	0	0	0	0	0	0	0	0	0	0	0
49d01c51916d74a2e0006dfea0696ec0	0	0	0	0	0	0	0	0	0	0	0	0	0	0	0	0	0	0	0	0	0	0	41	0	0	0	0	0	0	0	0	0	0	0	0	0
516f36d2264ffb7220a2372159ad037d	0	0	0	0	0	0	0	0	0	0	0	0	0	0	0	0	0	0	0	0	0	0	0	0	0	0	0	0	0	0	0	0	0	41	0	0
4b961b84716ac167392b11929d702643	0	0	0	0	0	0	0	0	0	0	0	0	0	0	0	0	0	0	0	0	0	0	0	0	0	0	0	0	0	0	0	0	0	0	41	0
06bb3fa895e072e060638ec1131d0d3c	0	0	0	0	0	0	0	0	0	0	0	0	0	0	0	0	0	0	0	0	0	0	0	0	0	0	0	0	0	0	0	0	0	0	41	0
c6e9c9fe9159441c4ffe44947875236a	0	0	0	0	0	0	0	0	0	0	0	0	0	0	0	0	0	0	0	0	0	0	0	0	0	0	0	0	0	0	0	0	0	0	41	0
d5c424a43392615f7b370d3cbd0a3f0e	0	0	0	0	0	0	0	0	0	0	0	0	0	0	0	0	0	40	0	0	0	0	0	0	0	0	0	0	0	0	0	0	0	0	0	0
02022255b51503a830ee6dcd36229184	0	0	0	0	0	0	0	0	0	0	0	0	0	0	0	0	0	0	0	40	0	0	0	0	0	0	0	0	0	0	0	0	0	0	0	0
4c02e97a561174ad96f81b2ccfe3a45e	0	0	0	0	0	0	0	0	0	0	0	0	0	0	0	0	0	0	0	0	0	0	0	0	0	0	0	0	0	0	0	0	0	0	40	0
40c00caf4aba9abc8cf5384e6e8e438c	0	0	0	0	0	0	0	0	0	0	22	0	0	17	0	0	0	0	0	0	0	0	0	0	0	0	0	0	0	0	0	0	0	0	0	0
1c2ea8f62e3b3d1a0e60c334429744eb	0	0	0	0	0	0	0	0	0	0	0	0	0	0	0	0	0	0	0	39	0	0	0	0	0	0	0	0	0	0	0	0	0	0	0	0
c2a5e94e01e61dd7d5b46fa95d57d4a0	0	0	0	0	0	0	0	0	0	0	0	0	0	0	0	0	0	0	0	0	0	0	0	0	39	0	0	0	0	0	0	0	0	0	0	0
16eff35eafb00be43ead5fd482b913c6	0	0	0	0	0	0	0	38	0	0	0	0	0	0	0	0	0	0	0	0	0	0	0	0	0	0	0	0	0	0	0	0	0	0	0	0
9ed98e68797fa0d875273c6556303fc9	0	0	0	0	0	0	0	0	0	0	18	0	0	0	0	0	0	20	0	0	0	0	0	0	0	0	0	0	0	0	0	0	0	0	0	0
ca4283eb765c661054735b529ff8bda0	0	0	0	0	0	0	0	0	0	0	0	0	0	0	0	0	0	0	0	0	0	0	0	0	0	0	0	0	0	0	0	0	0	0	38	0
4023515bdee1f6662e63ee75d6eacf0f	0	0	0	0	0	0	0	0	0	0	0	0	0	0	0	0	0	0	0	0	0	0	0	0	0	0	0	0	0	0	0	0	0	0	38	0
ba4aabaad0867dcbeeed2ade1fd21838	0	0	0	0	0	0	0	0	0	0	0	0	37	0	0	0	0	0	0	0	0	0	0	0	0	0	0	0	0	0	0	0	0	0	0	0
5c89bae66773ad49e272f74746e83bf0	0	0	0	0	0	0	0	0	0	0	0	0	0	0	0	0	0	37	0	0	0	0	0	0	0	0	0	0	0	0	0	0	0	0	0	0
b5403e3d3e7f5a219e1fbe3cceee2261	0	0	0	0	0	0	0	0	0	0	0	0	0	0	0	0	0	0	0	0	0	0	0	0	0	0	0	0	0	0	0	0	0	0	37	0
5fa1242cef1e12127485c920b88e7f5c	0	0	0	0	0	0	0	0	0	0	0	0	0	0	0	0	0	0	0	0	0	0	0	0	0	0	0	0	0	0	0	0	0	0	37	0
26b4b526e1e97e0a1322abc26264cfea	0	0	0	0	0	0	0	0	0	0	0	0	0	0	0	0	0	0	0	0	0	0	0	0	0	0	0	0	0	0	0	0	0	0	37	0
be08a2966d2854d59407af7c79fed8e0	0	0	0	0	17	0	0	0	0	0	0	0	0	0	0	0	0	0	0	0	0	0	0	0	0	0	0	0	0	0	0	0	0	0	0	19
55c46abdb3a58e1f02e754e1a0dfc69c	0	0	0	0	0	0	0	0	0	0	0	6	0	0	30	0	0	0	0	0	0	0	0	0	0	0	0	0	0	0	0	0	0	0	0	0
cf1e539d477fcb6c6c884f6dc665ec1e	0	0	0	0	0	0	0	0	0	0	0	0	0	0	0	0	0	0	0	0	0	0	0	0	0	0	0	0	0	0	0	0	0	0	36	0
632ffd87c3573c42a04908410543fc49	0	0	0	0	0	0	0	0	0	0	0	0	0	0	0	0	0	0	0	0	0	0	0	0	0	0	0	0	0	0	0	0	0	0	0	36
5c201145193bde0a625a3fcf92209ff5	0	0	0	0	0	0	0	0	0	0	0	0	0	0	0	0	0	35	0	0	0	0	0	0	0	0	0	0	0	0	0	0	0	0	0	0
927a696ac0ce1e4ea29d912530392486	0	0	0	0	0	0	0	0	0	0	0	0	0	0	0	0	0	0	0	0	0	0	0	0	0	0	0	0	0	0	0	0	0	0	35	0
59272f84a79a06552179e8eb53606754	0	0	0	0	0	0	0	17	0	0	0	0	0	0	0	0	0	0	0	0	0	0	0	0	0	0	17	0	0	0	0	0	0	0	0	0
fb50d0f421d0cefc9b91122508abe467	0	0	0	0	0	0	0	0	0	0	0	0	0	15	0	0	0	7	0	0	0	0	12	0	0	0	0	0	0	0	0	0	0	0	0	0
e41bc06d5551701bc71beed20248d285	0	0	0	0	0	0	0	0	0	0	0	0	0	0	0	0	0	0	0	0	0	0	0	0	0	0	0	0	0	0	0	0	0	0	34	0
bb740c10ad31d5779e628bccffdb5015	0	0	0	0	0	0	3	0	0	0	0	0	30	0	0	0	0	0	0	0	0	0	0	0	0	0	0	0	0	0	0	0	0	0	0	0
0f6bb412afa74d8a7048f0d05d260bfe	0	0	0	0	0	0	0	0	0	0	10	0	0	9	0	0	0	14	0	0	0	0	0	0	0	0	0	0	0	0	0	0	0	0	0	0
5865215e0172b566bb1f5dd7c98af4a5	0	0	0	0	0	0	0	0	0	0	0	0	0	0	0	0	33	0	0	0	0	0	0	0	0	0	0	0	0	0	0	0	0	0	0	0
04a3a0f5a2f574e462d2a405a23bf553	0	0	0	0	0	0	0	0	0	0	0	0	0	0	0	0	33	0	0	0	0	0	0	0	0	0	0	0	0	0	0	0	0	0	0	0
bd5ce6da128b2eb32bca6817e97f4c00	0	0	0	0	0	0	0	0	32	0	0	0	0	0	0	0	0	0	0	0	0	0	0	0	0	0	0	0	0	0	0	0	0	0	0	0
4bc3351a4fd8d95376d9111d0b177405	0	0	0	0	0	0	0	0	0	0	0	0	0	0	0	0	0	0	4	0	0	5	0	0	0	0	0	0	8	0	0	0	0	0	15	0
93e2bdc3eebb2e6d21243250dd70732a	0	0	0	0	0	0	0	0	0	0	0	0	0	0	0	0	0	0	0	0	0	0	0	0	0	0	0	0	0	0	0	0	0	32	0	0
5a5d7c1a2c612f22f8eab9c84a3a1233	0	0	0	0	0	0	0	0	0	0	0	0	0	0	0	0	0	0	0	0	0	0	0	0	0	0	0	0	0	0	0	0	0	0	32	0
2e12d27906ba53d79e0f757a39f5346c	0	0	0	0	0	0	0	0	4	0	12	0	0	0	0	0	0	0	0	0	0	0	0	0	0	0	0	0	0	0	0	0	0	15	0	0
1e5252f7f059d825508ebf3880dffd92	0	0	0	0	0	0	0	0	0	31	0	0	0	0	0	0	0	0	0	0	0	0	0	0	0	0	0	0	0	0	0	0	0	0	0	0
0663c5e9b0ab5bf1fdc1ad2316dbfa04	0	0	0	0	0	0	0	0	0	0	0	0	0	0	0	0	0	0	0	0	0	0	0	0	0	0	0	0	0	0	0	0	0	31	0	0
ee2be63f3231f7d385234a198bb1ae83	0	0	0	0	0	0	0	0	0	0	0	0	0	0	0	0	0	0	0	0	0	0	0	0	0	0	0	0	0	0	0	0	0	0	31	0
bcba47620c299fd34809f143e3d26dff	0	0	0	0	0	0	0	0	0	0	0	0	0	0	0	0	0	0	0	0	0	0	0	0	0	0	0	0	0	0	0	0	0	0	31	0
f4e50bb91fc6dd58a073d2f8d8a5fe48	0	0	0	0	0	0	11	0	0	0	0	0	0	0	0	0	0	0	0	0	0	0	0	0	0	0	0	0	0	0	0	0	0	0	0	19
ae4c303d58060f485d72791da20896bc	0	0	0	0	0	0	0	0	0	0	0	0	0	0	0	0	0	0	0	0	0	0	0	0	0	0	0	0	0	0	0	0	0	0	30	0
e7379f7318de2d38ce7c591b86e0a819	0	0	0	0	0	0	0	0	0	0	0	0	0	0	0	0	0	0	0	0	0	0	0	0	0	0	0	0	0	0	0	0	0	0	30	0
9aac898a1c95378ac8ce7abe34d86372	0	0	0	0	0	0	0	0	0	0	0	0	0	0	0	0	0	0	0	0	0	0	0	0	0	0	0	0	0	0	0	0	0	0	30	0
9f762e31debb579df66e7524075c7047	0	0	0	0	0	0	0	0	0	0	5	0	0	0	0	0	0	0	0	0	0	0	0	0	0	0	0	0	0	0	0	0	0	24	0	0
39cef97e40ce69e6c341616a764c99e0	0	0	0	0	0	0	0	0	0	0	0	0	0	0	0	0	0	0	0	0	0	23	0	0	0	0	6	0	0	0	0	0	0	0	0	0
333c721b64f89e0d0ce1a4efacb75e0c	0	0	0	0	0	0	0	0	0	0	0	0	0	0	0	0	0	0	0	0	0	0	0	0	29	0	0	0	0	0	0	0	0	0	0	0
0def15dc288c3be2cce72975d095e4a2	0	0	0	0	0	0	0	0	0	0	0	0	0	0	0	0	0	0	0	0	0	0	0	0	0	0	0	0	0	4	0	0	25	0	0	0
4e91c3ce44165f1d179b626f445ae251	0	0	0	0	0	0	0	0	0	0	0	0	0	0	0	0	0	0	0	0	0	0	0	0	0	0	0	0	0	0	0	0	0	29	0	0
aa1087482a5bd53ec4580a739d282d60	0	0	0	0	0	0	0	0	0	0	0	0	0	0	0	0	0	0	0	0	0	0	0	0	0	0	0	0	0	0	0	0	0	29	0	0
1221c9d83db3bc9cdd85aedbf040173e	0	0	0	0	0	0	0	0	0	0	0	0	0	0	0	0	0	0	0	0	0	0	0	0	0	0	0	0	0	0	0	0	0	0	29	0
1beff7e7748531c35754e12d28b1ae50	0	0	0	0	0	0	0	0	0	0	0	0	0	0	0	0	0	0	0	0	0	0	0	0	0	0	0	0	0	0	0	0	0	0	29	0
33a904c45f35fee719907f3dd6797d15	0	0	0	0	0	0	0	0	0	0	0	14	0	14	0	0	0	0	0	0	0	0	0	0	0	0	0	0	0	0	0	0	0	0	0	0
c1281b049f4eb2284fab05fdf736e0a5	0	0	0	0	0	0	0	0	0	0	0	0	0	0	0	28	0	0	0	0	0	0	0	0	0	0	0	0	0	0	0	0	0	0	0	0
1d481c6853716ed08b761784ad5be3af	0	0	0	0	0	0	0	0	0	0	0	0	0	0	0	17	0	0	0	0	11	0	0	0	0	0	0	0	0	0	0	0	0	0	0	0
4e5ff310075a50266f9d480989d68398	0	0	0	0	0	0	0	0	0	0	0	0	0	0	0	0	0	0	4	0	0	0	0	0	0	0	0	0	0	0	0	0	0	24	0	0
3ba335034275a72a271bc8b6c455c102	0	0	0	0	0	0	0	0	0	0	0	0	0	0	0	0	0	0	0	0	0	0	28	0	0	0	0	0	0	0	0	0	0	0	0	0
36bcd389ec76ce4ea0dfcb53a4979956	0	0	0	0	0	0	0	0	0	0	0	0	0	0	0	0	0	0	0	0	0	0	0	0	0	0	0	0	0	0	0	0	28	0	0	0
f1211c8d52033fb37b642899db351a00	0	0	0	0	0	0	0	0	0	0	0	0	0	0	0	0	0	0	0	0	0	0	0	0	0	0	0	0	0	0	0	0	0	0	28	0
730d6f142fceb94c1d7a1adfe0fd1ef4	0	0	0	0	0	0	0	0	0	26	0	0	0	0	0	0	0	0	0	0	0	0	0	0	0	0	0	0	0	0	0	0	0	0	0	0
9ffeedb528881480eb4ad6cc5b664492	0	0	0	0	0	0	0	0	0	0	0	0	0	0	0	0	0	0	0	26	0	0	0	0	0	0	0	0	0	0	0	0	0	0	0	0
42e9464e281f53ba8a4f84d59d523431	0	0	0	0	0	0	0	0	0	0	0	0	0	0	0	0	0	0	0	26	0	0	0	0	0	0	0	0	0	0	0	0	0	0	0	0
f2b6b9d35257707b3fad7cb59bfe6c07	0	0	0	0	0	0	0	0	0	0	0	0	0	0	0	0	0	0	0	0	0	0	0	0	0	0	0	0	0	0	0	0	0	0	26	0
3cb9b93201dfc1f2f13ae5f3d7b8f63d	0	0	0	0	0	0	0	0	0	0	0	0	0	0	0	0	0	0	0	0	0	0	0	0	0	0	0	0	0	0	0	0	0	0	26	0
8430b5a2db52bb464b3312145001627b	0	0	0	0	0	0	0	0	25	0	0	0	0	0	0	0	0	0	0	0	0	0	0	0	0	0	0	0	0	0	0	0	0	0	0	0
b1e1f0c15d35fcd36d8ef5ce36006996	0	0	0	0	0	0	0	0	13	0	0	0	0	0	0	0	0	0	0	0	0	0	0	0	0	0	0	0	0	0	0	0	0	12	0	0
653d3123d98173d76f7937e6a409b759	0	0	0	0	0	0	0	0	0	0	0	0	0	25	0	0	0	0	0	0	0	0	0	0	0	0	0	0	0	0	0	0	0	0	0	0
e2c81fd4668faa1aad4bd5729b1961fd	0	0	0	0	0	0	0	0	0	0	0	0	0	0	0	0	0	0	0	0	0	0	0	25	0	0	0	0	0	0	0	0	0	0	0	0
909bc2a7c08764ed4b4258ba8e3a975b	0	0	0	0	0	0	0	0	0	0	0	0	0	0	0	0	0	0	0	0	0	0	0	0	0	0	0	0	0	0	0	0	0	0	25	0
aceb7169f6ec636bc9af34e4320a418b	0	0	0	0	0	0	0	0	24	0	0	0	0	0	0	0	0	0	0	0	0	0	0	0	0	0	0	0	0	0	0	0	0	0	0	0
cca80fe8a1714ede648fb29a4c17ff43	0	0	0	0	0	0	0	0	9	0	0	0	0	0	0	0	0	10	0	0	0	0	5	0	0	0	0	0	0	0	0	0	0	0	0	0
7eaf0402dc3df84fc43f81d2f207606f	0	0	0	0	0	0	0	0	0	0	0	0	24	0	0	0	0	0	0	0	0	0	0	0	0	0	0	0	0	0	0	0	0	0	0	0
dfba942f2d36cb6b7755f9c3b6d01ac9	0	0	0	0	0	0	0	0	0	0	0	0	0	0	0	24	0	0	0	0	0	0	0	0	0	0	0	0	0	0	0	0	0	0	0	0
1bd54bea21b9afb11db21b5e6af9b8fb	0	0	0	0	0	0	0	0	0	0	0	0	0	0	0	0	0	0	0	0	0	0	0	0	0	24	0	0	0	0	0	0	0	0	0	0
3ac7012c538693bcf363c9d4b6d5e9d5	0	0	0	0	0	0	0	0	0	0	0	0	0	0	0	0	0	0	0	0	0	0	0	0	0	0	0	0	0	0	0	0	24	0	0	0
b8c4ed03d7d91546b9f6ad80b80135a3	0	0	0	0	0	0	0	0	0	0	0	0	0	0	0	0	0	0	0	0	0	0	0	0	0	0	0	0	0	0	0	0	0	0	24	0
6f3cd7c8a1de7b173ad75e20d89b57ea	0	0	0	0	0	0	0	0	21	0	0	0	0	0	0	0	0	0	0	0	0	0	2	0	0	0	0	0	0	0	0	0	0	0	0	0
5460856c8de7bbaa7674f743b1b4cd61	0	0	0	0	0	0	0	0	11	0	0	0	0	0	0	0	0	0	0	0	0	0	0	0	0	0	0	0	0	0	0	0	0	12	0	0
5f72181a6cff9d04d9e41f528a34e399	0	0	0	0	0	0	0	0	0	0	23	0	0	0	0	0	0	0	0	0	0	0	0	0	0	0	0	0	0	0	0	0	0	0	0	0
1f49a5644d38a6af9b310fd24d0ce96b	0	0	0	0	0	0	0	0	0	0	4	0	0	3	0	0	0	7	0	0	0	0	9	0	0	0	0	0	0	0	0	0	0	0	0	0
a9b3e9e5f7194b9714a83aef047b27a6	0	0	0	0	0	0	0	0	0	0	0	23	0	0	0	0	0	0	0	0	0	0	0	0	0	0	0	0	0	0	0	0	0	0	0	0
36ecd054f5309a9658926a0926d7ee82	0	0	0	0	0	0	0	0	0	0	0	0	0	0	0	0	0	0	0	0	0	0	0	0	0	0	0	0	0	23	0	0	0	0	0	0
b5e6d073ba80b055fa84cb7c17917c16	0	0	0	0	0	0	0	0	0	0	0	0	0	0	0	0	0	0	0	0	0	0	0	0	0	0	0	0	0	0	0	0	0	0	23	0
b4c5216a49e0dd7956c1e9cfc2261cf4	0	0	0	0	0	0	0	0	0	0	0	0	0	0	0	0	0	0	0	0	0	0	0	0	0	0	0	0	0	0	0	0	0	0	23	0
ff004a3093094ba1fbca09244a29315d	0	0	0	0	0	0	22	0	0	0	0	0	0	0	0	0	0	0	0	0	0	0	0	0	0	0	0	0	0	0	0	0	0	0	0	0
41c6d5227b6303f554be804965ece70d	0	0	0	0	0	0	0	11	0	0	0	0	0	0	0	0	0	0	0	0	0	8	0	0	0	0	3	0	0	0	0	0	0	0	0	0
69e8b8df03cbd6d108fe912f1d17c7df	0	0	0	0	0	0	0	0	0	0	0	0	0	0	0	0	0	0	0	0	0	0	0	0	0	0	0	0	0	22	0	0	0	0	0	0
644305b871bee1ac4de0e4460eaf3f91	0	0	0	0	0	0	0	0	0	0	0	0	0	0	0	0	0	0	0	0	0	0	0	0	0	0	0	0	0	0	0	0	0	0	22	0
57d717789b00b69bc62c3f74e57f03a5	0	0	0	0	0	0	0	0	0	0	0	0	0	0	0	0	0	0	0	0	0	0	0	0	0	0	0	0	0	0	0	0	0	0	22	0
5b243b4b25c8067cb2ad8fa49be2677a	0	0	0	0	0	0	0	0	0	0	0	0	0	0	0	0	0	0	0	0	0	0	0	0	0	0	0	0	0	0	0	0	0	0	22	0
ceac507f30a4d6a48e13bdfe221d08a4	0	0	0	0	0	0	21	0	0	0	0	0	0	0	0	0	0	0	0	0	0	0	0	0	0	0	0	0	0	0	0	0	0	0	0	0
557e45bfe06a389353d74a4dde01ed7c	0	0	0	0	0	0	0	21	0	0	0	0	0	0	0	0	0	0	0	0	0	0	0	0	0	0	0	0	0	0	0	0	0	0	0	0
4ba8ee372deaac2dadb6dd611dff340b	0	0	0	0	0	0	0	0	0	0	0	0	0	0	0	0	0	0	0	0	18	0	0	0	0	3	0	0	0	0	0	0	0	0	0	0
8251627bbec1e77f66bb32b96821243f	0	0	0	0	0	0	0	0	0	0	0	0	0	0	0	0	0	0	0	0	0	0	0	0	0	0	0	0	0	0	0	0	0	0	0	21
eedea9dba748ee1ced031c0dfe85c231	0	0	0	0	0	0	0	0	0	0	0	0	0	0	0	0	0	0	0	0	0	0	0	0	0	0	0	0	0	0	0	0	0	0	0	21
8403b6dbf52ec50c0a7b83ee636cd6e9	0	0	0	0	0	0	0	0	0	0	0	0	0	6	0	0	0	0	0	0	0	0	0	0	0	0	0	0	0	0	0	0	0	14	0	0
10730ec5941556acf2d69db658235ec0	0	0	0	0	0	0	0	0	0	0	0	0	0	0	0	0	0	0	0	0	0	0	20	0	0	0	0	0	0	0	0	0	0	0	0	0
1eeaa7208eabe27a23d7734e35f410f4	0	0	0	0	0	0	0	0	0	0	0	0	0	0	0	0	0	0	0	0	0	0	0	0	0	0	0	0	0	0	0	0	0	0	20	0
71ccade3b24622f8b76dd42f45bd2cf3	0	0	0	0	0	0	0	0	0	0	0	0	0	0	0	0	0	0	0	0	0	0	0	0	0	0	0	0	0	0	0	0	0	0	20	0
f3568df8761f514321bcc3925853154c	0	0	0	0	0	0	0	0	19	0	0	0	0	0	0	0	0	0	0	0	0	0	0	0	0	0	0	0	0	0	0	0	0	0	0	0
636516e0ac9ff7bb14a595706e082eac	0	0	0	0	0	0	0	0	0	0	19	0	0	0	0	0	0	0	0	0	0	0	0	0	0	0	0	0	0	0	0	0	0	0	0	0
c583a173e7bbfb5e82fdce9c7c7c3cae	0	0	0	0	0	0	0	0	0	0	13	0	0	0	0	0	0	0	0	0	0	0	6	0	0	0	0	0	0	0	0	0	0	0	0	0
1b89949a3c3ac8ca4371667ee203afcf	0	0	0	0	0	0	0	0	0	0	0	0	0	10	0	0	0	0	0	0	0	0	9	0	0	0	0	0	0	0	0	0	0	0	0	0
fd1943138688a4b66dfe5719bf02750f	0	0	0	0	0	0	0	0	0	0	0	0	0	0	19	0	0	0	0	0	0	0	0	0	0	0	0	0	0	0	0	0	0	0	0	0
790adc986c34e7b35239004bb2d5a58b	0	0	0	0	0	0	0	0	0	0	0	0	0	0	0	0	0	0	0	0	0	0	0	19	0	0	0	0	0	0	0	0	0	0	0	0
484409928abe416cc8a2d306e45bdce7	0	0	0	0	0	0	0	0	0	0	0	0	0	0	0	0	0	0	0	0	0	0	0	19	0	0	0	0	0	0	0	0	0	0	0	0
0613ce423c4e03cc45126a4b8221c178	0	0	0	0	0	0	0	0	0	0	0	0	0	0	0	0	0	0	0	0	0	0	0	0	0	0	0	0	0	0	0	0	0	19	0	0
e9251b05c872617dd890a47fe3d996d0	0	0	0	0	0	0	0	0	0	0	0	0	0	0	0	0	0	0	0	0	0	0	0	0	0	0	0	0	0	0	0	0	0	0	19	0
f467f8787adbb3e5fc9f1bc590118e1d	0	0	0	0	0	0	0	0	15	0	0	0	0	0	0	0	0	0	0	0	0	0	0	0	0	0	0	0	0	0	0	0	0	3	0	0
56bde454092279f47b556883d5909620	0	0	0	0	0	0	0	0	0	18	0	0	0	0	0	0	0	0	0	0	0	0	0	0	0	0	0	0	0	0	0	0	0	0	0	0
cf99ffa043dcfd8e6e9c5b1e7aba6274	0	0	0	0	0	0	0	0	0	0	0	18	0	0	0	0	0	0	0	0	0	0	0	0	0	0	0	0	0	0	0	0	0	0	0	0
5ae7fd92d952c0607410e6820e41d1f7	0	0	0	0	0	0	0	0	0	0	0	0	0	0	0	18	0	0	0	0	0	0	0	0	0	0	0	0	0	0	0	0	0	0	0	0
2d8e1df1907b70d965ebe863c197d98c	0	0	0	0	0	0	0	0	0	0	0	0	0	0	0	0	18	0	0	0	0	0	0	0	0	0	0	0	0	0	0	0	0	0	0	0
d68f525366c1dfdc0984a90b89867e95	0	0	0	0	0	0	0	0	0	0	0	0	0	0	0	0	0	5	0	13	0	0	0	0	0	0	0	0	0	0	0	0	0	0	0	0
821130ba72e86c335c55c269f31db0d0	0	0	0	0	0	0	0	0	0	0	0	0	0	0	0	0	0	0	0	18	0	0	0	0	0	0	0	0	0	0	0	0	0	0	0	0
c8c27a035962263a694ca0f67e6c8012	0	0	0	0	0	0	0	0	0	0	0	0	0	0	0	0	0	0	0	0	0	0	0	0	2	0	0	0	0	16	0	0	0	0	0	0
93a299b4f0a27d63080dedea3a7d049d	0	0	0	0	0	0	0	0	0	0	0	0	0	0	0	0	0	0	0	0	0	0	0	0	0	0	0	0	0	0	0	0	0	18	0	0
6b4376fc75451aa6afd09cec94e48764	0	0	0	0	0	0	0	0	0	0	0	0	0	0	0	0	0	0	0	0	0	0	0	0	0	0	0	0	0	0	0	0	0	0	18	0
d1e742dba5b2568ebb0fb9c433193809	0	0	0	0	0	0	0	0	0	0	0	0	0	0	0	0	0	0	0	0	0	0	0	0	0	0	0	0	0	0	0	0	0	0	18	0
7b661daa141139fcb53c938fd4454c80	0	0	0	0	0	0	0	0	0	9	0	0	0	0	0	0	0	0	0	0	0	0	0	0	0	0	0	0	0	0	0	0	0	8	0	0
f982de1ae7963337058787e1e22d72a2	0	0	0	0	0	0	0	0	0	0	0	17	0	0	0	0	0	0	0	0	0	0	0	0	0	0	0	0	0	0	0	0	0	0	0	0
5ebf845bec390e3f07a5dd823457438d	0	0	0	0	0	0	0	0	0	0	0	0	0	10	0	0	0	0	0	0	0	0	0	0	0	0	0	7	0	0	0	0	0	0	0	0
9f46e27e760bffce913f728b39c8e044	0	0	0	0	0	0	0	0	0	0	0	0	0	0	10	0	0	0	0	0	0	7	0	0	0	0	0	0	0	0	0	0	0	0	0	0
155449ff61d7f7f8cdd5d1ee461b58d7	0	0	0	0	0	0	0	0	0	0	0	0	0	0	0	0	17	0	0	0	0	0	0	0	0	0	0	0	0	0	0	0	0	0	0	0
c2a7665e20b4e87c330f0c291992771c	0	0	0	0	0	0	0	0	0	0	0	0	0	0	0	0	0	0	0	0	0	0	0	0	0	0	0	0	0	0	17	0	0	0	0	0
422dac28361979b18916825bab2ceb68	0	0	0	0	0	0	0	0	0	0	0	0	0	0	0	0	0	0	0	0	0	0	0	0	0	0	0	0	0	0	17	0	0	0	0	0
394962b765d3f25a4f20ed14bfa76817	0	0	0	0	0	0	0	0	0	0	0	0	0	0	0	0	0	0	0	0	0	0	0	0	0	0	0	0	0	0	0	0	0	17	0	0
504db22c2d96fc98c1613917bb523d0f	0	0	0	0	0	0	0	0	0	0	0	0	0	0	0	0	0	0	0	0	0	0	0	0	0	0	0	0	0	0	0	0	0	17	0	0
be84c03cac017c9547a57fb317f0bfc9	0	0	0	0	0	0	0	0	0	0	0	0	0	0	0	0	0	0	0	0	0	0	0	0	0	0	0	0	0	0	0	0	0	0	17	0
80f44ad79e1050478e48c9f73d5c1db6	0	0	0	0	0	0	0	0	0	0	0	0	0	0	0	0	0	0	0	0	0	0	0	0	0	0	0	0	0	0	0	0	0	0	17	0
4cfdfe8899a575819d0b1be06d192d3b	0	0	0	0	0	0	0	0	0	0	0	0	0	0	0	0	0	0	0	0	0	0	0	0	0	0	0	0	0	0	0	0	0	0	17	0
ba0d1bfd486b8bfa15b3db5e653ef483	0	0	0	0	0	0	0	0	0	0	0	0	0	0	0	0	0	0	0	0	0	0	0	0	0	0	0	0	0	0	0	0	0	0	17	0
4df1750e4980b8613f32fa65b5a32f57	0	0	0	0	0	0	0	0	0	0	0	0	0	0	0	0	0	0	0	0	0	0	0	0	0	0	0	0	0	0	0	0	0	0	17	0
0f9c171ce02ad5c1ee6465c6bcada15f	0	0	0	0	0	0	9	0	0	0	0	0	0	0	0	0	0	0	0	0	0	0	0	0	0	0	0	0	0	0	0	0	0	0	0	7
afd43c9d8ecba75963ccea2528ffa1e4	0	0	0	0	0	0	0	16	0	0	0	0	0	0	0	0	0	0	0	0	0	0	0	0	0	0	0	0	0	0	0	0	0	0	0	0
524f945306ac2c325b6027df82cc10c2	0	0	0	0	0	0	0	0	0	0	11	0	0	0	0	0	0	0	0	0	0	0	0	0	0	0	0	5	0	0	0	0	0	0	0	0
9f68e6aad35ab42586377a992b1dbd66	0	0	0	0	0	0	0	0	0	0	0	0	0	0	0	0	0	0	0	0	0	0	0	0	0	0	0	0	0	16	0	0	0	0	0	0
ecf73378dc0d19416e4f0a3ff9758f63	0	0	0	0	0	0	0	0	0	0	0	0	0	0	0	0	0	0	0	0	0	0	0	0	0	0	0	0	0	16	0	0	0	0	0	0
1c73e1dd8862b6fdbc044d6e0d9ecc26	0	0	0	0	0	0	0	0	0	0	0	0	0	0	0	0	0	0	0	0	0	0	0	0	0	0	0	0	0	0	0	0	0	16	0	0
0b269937fcfd9ae9900dfd39b6ea6a09	0	0	0	0	0	0	0	0	0	0	0	0	0	0	0	0	0	0	0	0	0	0	0	0	0	0	0	0	0	0	0	0	0	0	16	0
90191597459e307ec25618c20b93ada6	0	0	0	0	0	0	0	0	0	0	0	0	0	0	0	0	0	0	0	0	0	0	0	0	0	0	0	0	0	0	0	0	0	0	16	0
46b0c7d8dadb5cbb6c70be8be041f767	0	0	0	0	0	0	0	0	0	0	0	0	0	0	0	0	0	0	0	0	0	0	0	0	0	0	0	0	0	0	0	0	0	0	16	0
3dc715c06cd98a5fcf82e34d941acfd3	0	0	0	0	0	0	0	0	0	15	0	0	0	0	0	0	0	0	0	0	0	0	0	0	0	0	0	0	0	0	0	0	0	0	0	0
c66ea3d804ab0d5346b5d0a31b4562ae	0	0	0	0	0	0	0	0	0	0	0	0	0	0	15	0	0	0	0	0	0	0	0	0	0	0	0	0	0	0	0	0	0	0	0	0
58e2520de3fbf5ceca88718a9b031a6e	0	0	0	0	0	0	0	0	0	0	0	0	0	0	0	0	0	0	0	0	15	0	0	0	0	0	0	0	0	0	0	0	0	0	0	0
d777f6f2b92a034632dd8d3af83beed2	0	0	0	0	0	0	0	0	0	0	0	0	0	0	0	0	0	0	0	0	0	15	0	0	0	0	0	0	0	0	0	0	0	0	0	0
ae72c231ac95049ed051bffc25289125	0	0	0	0	0	0	0	0	0	0	0	0	0	0	0	0	0	0	0	0	0	0	0	0	0	0	0	0	0	0	0	0	0	15	0	0
af444c375ca3e9ed3a503b745cfb9fa8	0	0	0	0	0	0	0	0	0	0	0	0	0	0	0	0	0	0	0	0	0	0	0	0	0	0	0	0	0	0	0	0	0	15	0	0
9d848bb23e019470e759667c1ef89b54	0	0	0	0	0	0	0	0	0	0	0	0	0	0	0	0	0	0	0	0	0	0	0	0	0	0	0	0	0	0	0	0	0	0	15	0
51121c8f8cc8a7a03d9d7f1dd5142aa5	0	0	0	0	0	0	0	0	0	0	0	0	0	0	0	0	0	0	0	0	0	0	0	0	0	0	0	0	0	0	0	0	0	0	0	15
58307da5e130bf8b2786ec2dd7c843e9	0	0	0	0	0	0	0	0	0	14	0	0	0	0	0	0	0	0	0	0	0	0	0	0	0	0	0	0	0	0	0	0	0	0	0	0
2fbd6623fcd82dd33a647e39baa875fc	0	0	0	0	0	0	0	0	0	14	0	0	0	0	0	0	0	0	0	0	0	0	0	0	0	0	0	0	0	0	0	0	0	0	0	0
91ab221b05733b05a233333aa506dbd2	0	0	0	0	0	0	0	0	0	0	0	0	0	14	0	0	0	0	0	0	0	0	0	0	0	0	0	0	0	0	0	0	0	0	0	0
ff836ceb31404b3a37e52a4af998742b	0	0	0	0	0	0	0	0	0	0	0	0	0	0	0	0	0	14	0	0	0	0	0	0	0	0	0	0	0	0	0	0	0	0	0	0
d6ca531f59e2ec01ddc3cceb9d71e0fa	0	0	0	0	0	0	0	0	0	0	0	0	0	0	0	0	0	11	0	0	0	0	3	0	0	0	0	0	0	0	0	0	0	0	0	0
abb47f7cb870389260b31db8c2f217a2	0	0	0	0	0	0	0	0	0	0	0	0	0	0	0	0	0	0	0	0	0	14	0	0	0	0	0	0	0	0	0	0	0	0	0	0
d4b012424e5d47b6d2cc8b9d658a70e6	0	0	0	0	0	0	0	0	0	0	0	0	0	0	0	0	0	0	0	0	0	0	0	0	0	14	0	0	0	0	0	0	0	0	0	0
902e240d378450f451434a83012703ab	0	0	0	0	0	0	0	0	0	0	0	0	0	0	0	0	0	0	0	0	0	0	0	0	0	0	0	0	14	0	0	0	0	0	0	0
f32fe23e65cd3f2c8477ed10e4c3164e	0	0	0	0	0	0	0	0	0	0	0	0	0	0	0	0	0	0	0	0	0	0	0	0	0	0	0	0	14	0	0	0	0	0	0	0
8af302b5da51a1abb8597f8407942ba3	0	0	0	0	0	0	0	0	0	0	0	0	0	0	0	0	0	0	0	0	0	0	0	0	0	0	0	0	0	0	0	0	0	14	0	0
1aa45332969575442e0a457ef371669d	0	0	0	0	0	0	0	0	0	0	0	0	0	0	0	0	0	0	0	0	0	0	0	0	0	0	0	0	0	0	0	0	0	14	0	0
ec4bf6191a123d89eb9ffdf1307082cb	0	0	0	0	0	0	0	0	0	0	0	0	0	0	0	0	0	0	0	0	0	0	0	0	0	0	0	0	0	0	0	0	0	14	0	0
c520176422a2252b603b25ed1a9b1362	0	0	0	0	0	0	0	0	0	0	0	0	0	0	0	0	0	0	0	0	0	0	0	0	0	0	0	0	0	0	0	0	0	0	14	0
73d11472bb5ada47cee6a0f0748c3290	0	0	0	0	0	0	0	0	0	0	0	0	0	0	0	0	0	0	0	0	0	0	0	0	0	0	0	0	0	0	0	0	0	0	14	0
58c7995d4e3b960746415f371e1eb026	0	0	0	0	0	0	0	0	0	0	0	0	0	0	0	0	0	0	0	0	0	0	0	0	0	0	0	0	0	0	0	0	0	0	14	0
e58131ac0ee3d7ba551dc66caaeb7547	0	0	0	0	0	0	0	13	0	0	0	0	0	0	0	0	0	0	0	0	0	0	0	0	0	0	0	0	0	0	0	0	0	0	0	0
74ef58543735fb474dbd3d3386dc8565	0	0	0	0	0	0	0	0	0	13	0	0	0	0	0	0	0	0	0	0	0	0	0	0	0	0	0	0	0	0	0	0	0	0	0	0
d3598080bb82b75f792ade74d0cbb7a7	0	0	0	0	0	0	0	0	0	0	6	0	0	7	0	0	0	0	0	0	0	0	0	0	0	0	0	0	0	0	0	0	0	0	0	0
ffdc07947a4235a455fe2a52b4e42274	0	0	0	0	0	0	0	0	0	0	0	0	13	0	0	0	0	0	0	0	0	0	0	0	0	0	0	0	0	0	0	0	0	0	0	0
953d2414ade8bd8e7ac9af6efa674192	0	0	0	0	0	0	0	0	0	0	0	0	0	0	0	0	0	9	0	0	0	0	4	0	0	0	0	0	0	0	0	0	0	0	0	0
c31779797b59a1e5e0e70532617c9782	0	0	0	0	0	0	0	0	0	0	0	0	0	0	0	0	0	8	0	0	0	0	0	0	0	0	0	5	0	0	0	0	0	0	0	0
bc3b6cd8ad31012f1d9ebcd232f38787	0	0	0	0	0	0	0	0	0	0	0	0	0	0	0	0	0	0	13	0	0	0	0	0	0	0	0	0	0	0	0	0	0	0	0	0
5aec9bd35889489e4a05c78a82358060	0	0	0	0	0	0	0	0	0	0	0	0	0	0	0	0	0	0	0	0	0	0	0	0	0	0	0	0	0	0	13	0	0	0	0	0
e382e33753aa1a11973d3103af2f2c15	0	0	0	0	0	0	0	0	0	0	0	0	0	0	0	0	0	0	0	0	0	0	0	0	0	0	0	0	0	0	0	13	0	0	0	0
af2fb2a80d90d2250a73483730e1750e	0	0	0	0	0	0	0	0	0	0	0	0	0	0	0	0	0	0	0	0	0	0	0	0	0	0	0	0	0	0	0	0	0	0	13	0
e6f35e978bd7ee5baf1f0e2b955965f6	0	0	0	0	0	0	0	0	0	0	0	0	0	0	0	0	0	0	0	0	0	0	0	0	0	0	0	0	0	0	0	0	0	0	13	0
4c57d4ca76e7954b09b3d93dcc0865fb	0	0	0	0	0	0	0	0	0	0	0	0	0	0	0	0	0	0	0	0	0	0	0	0	0	0	0	0	0	0	0	0	0	0	13	0
8cb4ccd83cb9625c4d095d86751ca598	0	0	0	0	0	0	0	0	0	0	0	0	0	0	0	0	0	0	0	0	0	0	0	0	0	0	0	0	0	0	0	0	0	0	13	0
bf2524445e291915d29d94f0a00647b9	0	0	0	0	0	0	0	0	0	0	0	0	0	0	0	0	0	0	0	0	0	0	0	0	0	0	0	0	0	0	0	0	0	0	13	0
b2222c98982164cf2865234d5c99390b	0	0	0	0	0	12	0	0	0	0	0	0	0	0	0	0	0	0	0	0	0	0	0	0	0	0	0	0	0	0	0	0	0	0	0	0
489825a1ddca93ce97abbb41bbe95734	0	0	0	0	0	0	12	0	0	0	0	0	0	0	0	0	0	0	0	0	0	0	0	0	0	0	0	0	0	0	0	0	0	0	0	0
9b774acdc59fc01048e5cf82a0be7653	0	0	0	0	0	0	0	0	12	0	0	0	0	0	0	0	0	0	0	0	0	0	0	0	0	0	0	0	0	0	0	0	0	0	0	0
1ba88e448032b8389f537bd7ca21ed7f	0	0	0	0	0	0	0	0	0	12	0	0	0	0	0	0	0	0	0	0	0	0	0	0	0	0	0	0	0	0	0	0	0	0	0	0
941c4b60f69b7a8d008250b79873a3e4	0	0	0	0	0	0	0	0	0	0	0	12	0	0	0	0	0	0	0	0	0	0	0	0	0	0	0	0	0	0	0	0	0	0	0	0
ba945255fb4aff154706e5a5214f4910	0	0	0	0	0	0	0	0	0	0	0	0	0	0	12	0	0	0	0	0	0	0	0	0	0	0	0	0	0	0	0	0	0	0	0	0
88650bdfd8906138247f59fec1beb76e	0	0	0	0	0	0	0	0	0	0	0	0	0	0	0	12	0	0	0	0	0	0	0	0	0	0	0	0	0	0	0	0	0	0	0	0
c75cf191e5d61643988152c28cd41c74	0	0	0	0	0	0	0	0	0	0	0	0	0	0	0	0	0	0	0	0	0	0	0	0	12	0	0	0	0	0	0	0	0	0	0	0
dc7ddccb5ab4704b0b97bfcc51953f28	0	0	0	0	0	0	0	0	0	0	0	0	0	0	0	0	0	0	0	0	0	0	0	0	3	0	0	0	0	9	0	0	0	0	0	0
022401fcfd824c74a2ffd3ff41c78189	0	0	0	0	0	0	0	0	0	0	0	0	0	0	0	0	0	0	0	0	0	0	0	0	0	0	0	0	0	0	0	0	0	12	0	0
c02b6393bd83dcc0d10ef57f50dacde3	0	0	0	0	0	0	0	0	0	0	0	0	0	0	0	0	0	0	0	0	0	0	0	0	0	0	0	0	0	0	0	0	0	12	0	0
2dd4927ce9125dc414b9399c8fb30b83	0	0	0	0	0	0	0	0	0	0	0	0	0	0	0	0	0	0	0	0	0	0	0	0	0	0	0	0	0	0	0	0	0	12	0	0
0178d44452a388c206d625e980f76652	0	0	0	0	0	0	0	0	0	0	0	0	0	0	0	0	0	0	0	0	0	0	0	0	0	0	0	0	0	0	0	0	0	0	12	0
c1c0eeda0eca8a68e46a2abb9c41ba5d	0	0	0	0	0	0	0	0	0	0	0	0	0	0	0	0	0	0	0	0	0	0	0	0	0	0	0	0	0	0	0	0	0	0	0	12
cd953c5ce198d5c954a619f140decb9f	0	0	0	0	0	0	0	0	0	0	0	0	0	0	0	0	0	0	0	0	0	0	0	0	0	0	0	0	0	0	0	0	0	0	0	12
1548c3b8cde6ee890dda385c616ecca0	0	0	0	0	0	11	0	0	0	0	0	0	0	0	0	0	0	0	0	0	0	0	0	0	0	0	0	0	0	0	0	0	0	0	0	0
79adfe0dfdb181794acf936f47666e38	0	0	0	0	0	0	11	0	0	0	0	0	0	0	0	0	0	0	0	0	0	0	0	0	0	0	0	0	0	0	0	0	0	0	0	0
3b1a5ce04c25a92222b111ef909a959e	0	0	0	0	0	0	0	0	11	0	0	0	0	0	0	0	0	0	0	0	0	0	0	0	0	0	0	0	0	0	0	0	0	0	0	0
ce932672fa30f762c2cfad6059c090b0	0	0	0	0	0	0	0	0	0	0	0	0	0	0	0	0	0	11	0	0	0	0	0	0	0	0	0	0	0	0	0	0	0	0	0	0
64e28027b0c5a7317721735382593687	0	0	0	0	0	0	0	0	0	0	0	0	0	0	0	0	0	11	0	0	0	0	0	0	0	0	0	0	0	0	0	0	0	0	0	0
c9af3b19a7fbcddc5fce8996e711cdd8	0	0	0	0	0	0	0	0	0	0	0	0	0	0	0	0	0	0	0	0	11	0	0	0	0	0	0	0	0	0	0	0	0	0	0	0
ca630a425f04f2608d90764897b0df4e	0	0	0	0	0	0	0	0	0	0	0	0	0	0	0	0	0	0	0	0	0	0	11	0	0	0	0	0	0	0	0	0	0	0	0	0
0be6f8cfa6b04df6290136a9c7fe3605	0	0	0	0	0	0	0	0	0	0	0	0	0	0	0	0	0	0	0	0	0	0	11	0	0	0	0	0	0	0	0	0	0	0	0	0
df61237202eacc597d87ab5d967754e1	0	0	0	0	0	0	0	0	0	0	0	0	0	0	0	0	0	0	0	0	0	0	0	0	0	11	0	0	0	0	0	0	0	0	0	0
dc81e53781cc0a2973e702a79c6c7a7c	0	0	0	0	0	0	0	0	0	0	0	0	0	0	0	0	0	0	0	0	0	0	0	0	0	0	0	11	0	0	0	0	0	0	0	0
1e83cb20e8a35bcec915238e477d1446	0	0	0	0	0	0	0	0	0	0	0	0	0	0	0	0	0	0	0	0	0	0	0	0	0	0	0	0	0	11	0	0	0	0	0	0
a0b00e7c11b4881c1e7afd46e093a38b	0	0	0	0	0	0	0	0	0	0	0	0	0	0	0	0	0	0	0	0	0	0	0	0	0	0	0	0	0	11	0	0	0	0	0	0
a85f4dd0c69b425fdb96a37a1f23dfe8	0	0	0	0	0	0	0	0	0	0	0	0	0	0	0	0	0	0	0	0	0	0	0	0	0	0	0	0	0	0	0	0	0	11	0	0
50e5c97ca46d1b2cd105f7e13bb076fc	0	0	0	0	0	0	0	0	0	0	0	0	0	0	0	0	0	0	0	0	0	0	0	0	0	0	0	0	0	0	0	0	0	11	0	0
e55a87a058457efc1312ce9030e68de3	0	0	0	0	0	0	0	0	0	0	0	0	0	0	0	0	0	0	0	0	0	0	0	0	0	0	0	0	0	0	0	0	0	11	0	0
ab8681d1f517a20143418c11d18d2a0e	0	0	0	0	0	0	0	0	0	0	0	0	0	0	0	0	0	0	0	0	0	0	0	0	0	0	0	0	0	0	0	0	0	0	11	0
f5d722749490c2dca6e9ba1bbca9379e	0	0	0	0	0	0	0	0	0	0	0	0	0	0	0	0	0	0	0	0	0	0	0	0	0	0	0	0	0	0	0	0	0	0	11	0
75267c156977f6b78fd08720cd095a22	0	0	0	0	0	0	0	0	0	0	0	0	0	0	0	0	0	0	0	0	0	0	0	0	0	0	0	0	0	0	0	0	0	0	11	0
dfa0972e9273a73442f0db328c7df1da	0	0	0	0	0	0	0	0	0	0	0	0	0	0	0	0	0	0	0	0	0	0	0	0	0	0	0	0	0	0	0	0	0	0	0	11
0ec581e94e7bcf3dbfe89fefc1d56705	0	0	0	0	0	0	0	0	0	0	0	0	0	0	0	0	0	0	0	0	0	0	0	0	0	0	0	0	0	0	0	0	0	0	0	11
db41abba8890372732d214e3f155f897	0	0	0	0	10	0	0	0	0	0	0	0	0	0	0	0	0	0	0	0	0	0	0	0	0	0	0	0	0	0	0	0	0	0	0	0
ffd4ef5df24b765e24669c9c35b502e8	0	0	0	0	0	0	10	0	0	0	0	0	0	0	0	0	0	0	0	0	0	0	0	0	0	0	0	0	0	0	0	0	0	0	0	0
15c3f9599a4d01729e957885cf0762c7	0	0	0	0	0	0	10	0	0	0	0	0	0	0	0	0	0	0	0	0	0	0	0	0	0	0	0	0	0	0	0	0	0	0	0	0
d3a6260b67bf44f3c9f357eb58b525c4	0	0	0	0	0	0	0	0	10	0	0	0	0	0	0	0	0	0	0	0	0	0	0	0	0	0	0	0	0	0	0	0	0	0	0	0
19a7d303230fc9f29bb8aee431d035df	0	0	0	0	0	0	0	0	10	0	0	0	0	0	0	0	0	0	0	0	0	0	0	0	0	0	0	0	0	0	0	0	0	0	0	0
4f39a8277d46353e416bf9ac72d1d45b	0	0	0	0	0	0	0	0	0	0	0	0	0	0	0	0	0	10	0	0	0	0	0	0	0	0	0	0	0	0	0	0	0	0	0	0
ed247a6619972b60372d0c3d412f51d2	0	0	0	0	0	0	0	0	0	0	0	0	0	0	0	0	0	10	0	0	0	0	0	0	0	0	0	0	0	0	0	0	0	0	0	0
0cf422a60210c22dbdb5e23ff1ab79c3	0	0	0	0	0	0	0	0	0	0	0	0	0	0	0	0	0	7	0	0	0	0	0	0	0	0	0	0	0	0	0	0	0	3	0	0
79b72f24eb96aaf4fda6be259702eb51	0	0	0	0	0	0	0	0	0	0	0	0	0	0	0	0	0	0	0	0	0	0	10	0	0	0	0	0	0	0	0	0	0	0	0	0
bdf8a26094624622d68509a87fa75ba7	0	0	0	0	0	0	0	0	0	0	0	0	0	0	0	0	0	0	0	0	0	0	0	10	0	0	0	0	0	0	0	0	0	0	0	0
0b39a8dab6b9fc4e2cb69e70f20cad74	0	0	0	0	0	0	0	0	0	0	0	0	0	0	0	0	0	0	0	0	0	0	0	0	0	10	0	0	0	0	0	0	0	0	0	0
fd0862182222b3c35ec9e7ba67b84bd6	0	0	0	0	0	0	0	0	0	0	0	0	0	0	0	0	0	0	0	0	0	0	0	0	0	10	0	0	0	0	0	0	0	0	0	0
b9a46804fbdf1b1fd75c81b3294f09af	0	0	0	0	0	0	0	0	0	0	0	0	0	0	0	0	0	0	0	0	0	0	0	0	0	0	0	0	0	10	0	0	0	0	0	0
870730c0de28f9d49c94a2a643c0fab7	0	0	0	0	0	0	0	0	0	0	0	0	0	0	0	0	0	0	0	0	0	0	0	0	0	0	0	0	0	0	0	10	0	0	0	0
bf428db3af4ce5bd9852489b9751122b	0	0	0	0	0	0	0	0	0	0	0	0	0	0	0	0	0	0	0	0	0	0	0	0	0	0	0	0	0	0	0	10	0	0	0	0
3bcd53dd16ed587ab1107e84b335a89a	0	0	0	0	0	0	0	0	0	0	0	0	0	0	0	0	0	0	0	0	0	0	0	0	0	0	0	0	0	0	0	0	0	10	0	0
fcaede22973da8fd8135e2affe58abe2	0	0	0	0	0	0	0	0	0	0	0	0	0	0	0	0	0	0	0	0	0	0	0	0	0	0	0	0	0	0	0	0	0	10	0	0
a9ddd412f8bfbbacded1554d129de0ec	0	0	0	0	0	0	0	0	0	0	0	0	0	0	0	0	0	0	0	0	0	0	0	0	0	0	0	0	0	0	0	0	0	0	10	0
d123fcdc44f159ffbb5444d7ad70274a	0	0	0	0	0	0	0	0	0	0	0	0	0	0	0	0	0	0	0	0	0	0	0	0	0	0	0	0	0	0	0	0	0	0	10	0
6c0f2084603b7f16d90f26c4353f0c7e	0	0	0	0	0	0	0	0	0	0	0	0	0	0	0	0	0	0	0	0	0	0	0	0	0	0	0	0	0	0	0	0	0	0	10	0
0c77e1cd5ccec3ff2bc8dc14cf1d993a	0	0	0	0	0	0	0	0	0	0	0	0	0	0	0	0	0	0	0	0	0	0	0	0	0	0	0	0	0	0	0	0	0	0	10	0
e0b6241a929bbd655d08a51e0a73d345	0	0	0	0	0	0	0	0	0	0	0	0	0	0	0	0	0	0	0	0	0	0	0	0	0	0	0	0	0	0	0	0	0	0	10	0
616b5070def4a7611c038632a47b741d	0	0	0	0	0	0	0	0	0	0	0	0	0	0	0	0	0	0	0	0	0	0	0	0	0	0	0	0	0	0	0	0	0	0	0	10
28878ed5857963cef25c47d9e56dc8ea	0	0	0	0	0	0	9	0	0	0	0	0	0	0	0	0	0	0	0	0	0	0	0	0	0	0	0	0	0	0	0	0	0	0	0	0
79082cacf321073f25f13108b654c538	0	0	0	0	0	0	0	0	9	0	0	0	0	0	0	0	0	0	0	0	0	0	0	0	0	0	0	0	0	0	0	0	0	0	0	0
1566ad4c9890e437c5684c68a982f353	0	0	0	0	0	0	0	0	9	0	0	0	0	0	0	0	0	0	0	0	0	0	0	0	0	0	0	0	0	0	0	0	0	0	0	0
fffcf2626f01b42bbf31bb4b24567433	0	0	0	0	0	0	0	0	9	0	0	0	0	0	0	0	0	0	0	0	0	0	0	0	0	0	0	0	0	0	0	0	0	0	0	0
4880a5afac20f17b81d58f1b0fc0132d	0	0	0	0	0	0	0	0	9	0	0	0	0	0	0	0	0	0	0	0	0	0	0	0	0	0	0	0	0	0	0	0	0	0	0	0
faef53d23ab66bc68e585140938c3011	0	0	0	0	0	0	0	0	9	0	0	0	0	0	0	0	0	0	0	0	0	0	0	0	0	0	0	0	0	0	0	0	0	0	0	0
502cc5dc9dede54cb82ee73e52714559	0	0	0	0	0	0	0	0	0	0	9	0	0	0	0	0	0	0	0	0	0	0	0	0	0	0	0	0	0	0	0	0	0	0	0	0
e3cb449115ba144cca95265b9ff06b26	0	0	0	0	0	0	0	0	0	0	0	9	0	0	0	0	0	0	0	0	0	0	0	0	0	0	0	0	0	0	0	0	0	0	0	0
94d62090db47c268557d3dfee3c59f41	0	0	0	0	0	0	0	0	0	0	0	0	0	9	0	0	0	0	0	0	0	0	0	0	0	0	0	0	0	0	0	0	0	0	0	0
9ac3bb1d7dedb08a012692a6f536b5af	0	0	0	0	0	0	0	0	0	0	0	0	0	0	5	0	0	0	0	4	0	0	0	0	0	0	0	0	0	0	0	0	0	0	0	0
d718c8e1f8fc0ba20132b1c74be17c9a	0	0	0	0	0	0	0	0	0	0	0	0	0	0	0	0	0	9	0	0	0	0	0	0	0	0	0	0	0	0	0	0	0	0	0	0
274181a19f0fa999f4b5c07669888f5d	0	0	0	0	0	0	0	0	0	0	0	0	0	0	0	0	0	9	0	0	0	0	0	0	0	0	0	0	0	0	0	0	0	0	0	0
9f7cec8fc63a8c9199c0fbcfac7dddb8	0	0	0	0	0	0	0	0	0	0	0	0	0	0	0	0	0	0	0	0	0	9	0	0	0	0	0	0	0	0	0	0	0	0	0	0
330f6be8514acbdc0c35652bb4c997a3	0	0	0	0	0	0	0	0	0	0	0	0	0	0	0	0	0	0	0	0	0	9	0	0	0	0	0	0	0	0	0	0	0	0	0	0
b76af1e1943d22aa59982426ed738f07	0	0	0	0	0	0	0	0	0	0	0	0	0	0	0	0	0	0	0	0	0	0	9	0	0	0	0	0	0	0	0	0	0	0	0	0
6c95979efec70f9cfaf7fbb2210857c9	0	0	0	0	0	0	0	0	0	0	0	0	0	0	0	0	0	0	0	0	0	0	9	0	0	0	0	0	0	0	0	0	0	0	0	0
6ce3190d85e5876e544e4fa00af94e45	0	0	0	0	0	0	0	0	0	0	0	0	0	0	0	0	0	0	0	0	0	0	0	0	9	0	0	0	0	0	0	0	0	0	0	0
1f157cf05154245e7a31f7bd0ebc8329	0	0	0	0	0	0	0	0	0	0	0	0	0	0	0	0	0	0	0	0	0	0	0	0	0	9	0	0	0	0	0	0	0	0	0	0
61d5defc07ad4ba5a02ee02ae0cadb52	0	0	0	0	0	0	0	0	0	0	0	0	0	0	0	0	0	0	0	0	0	0	0	0	0	0	0	0	0	0	9	0	0	0	0	0
dae3f47851556d87240b069620f3a9c0	0	0	0	0	0	0	0	0	0	0	0	0	0	0	0	0	0	0	0	0	0	0	0	0	0	0	0	0	0	0	0	0	0	9	0	0
586f2a23736b00b0d8636f61c4c85910	0	0	0	0	0	0	0	0	0	0	0	0	0	0	0	0	0	0	0	0	0	0	0	0	0	0	0	0	0	0	0	0	0	9	0	0
f666195b289603925bfd25610b8be2b4	0	0	0	0	0	0	0	0	0	0	0	0	0	0	0	0	0	0	0	0	0	0	0	0	0	0	0	0	0	0	0	0	0	0	9	0
c1ef6e2cf62d2ea6300b8b802e7d2ace	0	0	0	0	0	0	0	0	0	0	0	0	0	0	0	0	0	0	0	0	0	0	0	0	0	0	0	0	0	0	0	0	0	0	9	0
5709dd5bd6452a93b686c514c906d076	0	0	0	0	0	0	0	0	0	0	0	0	0	0	0	0	0	0	0	0	0	0	0	0	0	0	0	0	0	0	0	0	0	0	9	0
d763eb12450c365950bf6e737098ec81	0	0	0	0	0	0	0	0	0	0	0	0	0	0	0	0	0	0	0	0	0	0	0	0	0	0	0	0	0	0	0	0	0	0	9	0
55ca9fb88179ee29f9a84951a255b597	0	0	0	0	0	0	0	0	0	0	0	0	0	0	0	0	0	0	0	0	0	0	0	0	0	0	0	0	0	0	0	0	0	0	0	9
c0bc665e36807e46a683aca000e4c404	0	0	0	0	0	0	0	0	0	0	0	0	0	0	0	0	0	0	0	0	0	0	0	0	0	0	0	0	0	0	0	0	0	0	0	9
a029b980820bf559dcd62561d3c84d5e	0	0	0	0	0	8	0	0	0	0	0	0	0	0	0	0	0	0	0	0	0	0	0	0	0	0	0	0	0	0	0	0	0	0	0	0
0a7e23c647f42a9cb6d2116a9039b5e0	0	0	0	0	0	8	0	0	0	0	0	0	0	0	0	0	0	0	0	0	0	0	0	0	0	0	0	0	0	0	0	0	0	0	0	0
65d259303d84fefd571cd6335bc2f28e	0	0	0	0	0	0	8	0	0	0	0	0	0	0	0	0	0	0	0	0	0	0	0	0	0	0	0	0	0	0	0	0	0	0	0	0
ec60f96d085154d8eface63e55715c6c	0	0	0	0	0	0	0	8	0	0	0	0	0	0	0	0	0	0	0	0	0	0	0	0	0	0	0	0	0	0	0	0	0	0	0	0
7a3120b453e96caf1a1e47ea48aa5f72	0	0	0	0	0	0	0	0	8	0	0	0	0	0	0	0	0	0	0	0	0	0	0	0	0	0	0	0	0	0	0	0	0	0	0	0
a5510720ca7f2814f4ef8ada447d806a	0	0	0	0	0	0	0	0	0	0	8	0	0	0	0	0	0	0	0	0	0	0	0	0	0	0	0	0	0	0	0	0	0	0	0	0
93b96cef287791f051667d6ff875262d	0	0	0	0	0	0	0	0	0	0	0	0	0	8	0	0	0	0	0	0	0	0	0	0	0	0	0	0	0	0	0	0	0	0	0	0
5d8b0f05ed555f7a31b7b7c466451a1b	0	0	0	0	0	0	0	0	0	0	0	0	0	8	0	0	0	0	0	0	0	0	0	0	0	0	0	0	0	0	0	0	0	0	0	0
75d2cee7e03cd2481368a358db4ebb19	0	0	0	0	0	0	0	0	0	0	0	0	0	0	0	8	0	0	0	0	0	0	0	0	0	0	0	0	0	0	0	0	0	0	0	0
76e9f71da8b9f57636e6ed4a30dd1c3e	0	0	0	0	0	0	0	0	0	0	0	0	0	0	0	8	0	0	0	0	0	0	0	0	0	0	0	0	0	0	0	0	0	0	0	0
e43b333db945b809f617955f6b9d588c	0	0	0	0	0	0	0	0	0	0	0	0	0	0	0	0	8	0	0	0	0	0	0	0	0	0	0	0	0	0	0	0	0	0	0	0
630ef86da45acdfe2420ecead45f1f8b	0	0	0	0	0	0	0	0	0	0	0	0	0	0	0	0	8	0	0	0	0	0	0	0	0	0	0	0	0	0	0	0	0	0	0	0
5aa44ccd479f0310c977c1a673c4ad0a	0	0	0	0	0	0	0	0	0	0	0	0	0	0	0	0	0	8	0	0	0	0	0	0	0	0	0	0	0	0	0	0	0	0	0	0
cfa8f97d1a3b753b6103e23a91cfe950	0	0	0	0	0	0	0	0	0	0	0	0	0	0	0	0	0	8	0	0	0	0	0	0	0	0	0	0	0	0	0	0	0	0	0	0
ea136a7b581ca452588009424c1ab52f	0	0	0	0	0	0	0	0	0	0	0	0	0	0	0	0	0	8	0	0	0	0	0	0	0	0	0	0	0	0	0	0	0	0	0	0
e9697236988db76ded445a25f9a7183b	0	0	0	0	0	0	0	0	0	0	0	0	0	0	0	0	0	8	0	0	0	0	0	0	0	0	0	0	0	0	0	0	0	0	0	0
6b5398a4ecb3d8f4b70048efc7110dc4	0	0	0	0	0	0	0	0	0	0	0	0	0	0	0	0	0	0	8	0	0	0	0	0	0	0	0	0	0	0	0	0	0	0	0	0
51b2b785e63cd765b223047cf48fc13b	0	0	0	0	0	0	0	0	0	0	0	0	0	0	0	0	0	0	0	0	0	8	0	0	0	0	0	0	0	0	0	0	0	0	0	0
ee4f8f2b8faabc2de15aa168309b95b3	0	0	0	0	0	0	0	0	0	0	0	0	0	0	0	0	0	0	0	0	0	0	0	0	8	0	0	0	0	0	0	0	0	0	0	0
40684617a947012a70c57087c482a544	0	0	0	0	0	0	0	0	0	0	0	0	0	0	0	0	0	0	0	0	0	0	0	0	0	8	0	0	0	0	0	0	0	0	0	0
f63551a1e2b6827f82996b3c42cdcf00	0	0	0	0	0	0	0	0	0	0	0	0	0	0	0	0	0	0	0	0	0	0	0	0	0	0	0	8	0	0	0	0	0	0	0	0
49200adcc222d1a56f637329e3a6c6d0	0	0	0	0	0	0	0	0	0	0	0	0	0	0	0	0	0	0	0	0	0	0	0	0	0	0	0	0	0	8	0	0	0	0	0	0
fd94bf5a8e2a81f72fcd840bbb9f6f64	0	0	0	0	0	0	0	0	0	0	0	0	0	0	0	0	0	0	0	0	0	0	0	0	0	0	0	0	0	8	0	0	0	0	0	0
0ae5531a9802e71139c959faebdde10c	0	0	0	0	0	0	0	0	0	0	0	0	0	0	0	0	0	0	0	0	0	0	0	0	0	0	0	0	0	0	0	0	0	8	0	0
7ff346973a282aa55de296afdb5d74af	0	0	0	0	0	0	0	0	0	0	0	0	0	0	0	0	0	0	0	0	0	0	0	0	0	0	0	0	0	0	0	0	0	8	0	0
ce6dbec6348b779290f7a72f3512b4c2	0	0	0	0	0	0	0	0	0	0	0	0	0	0	0	0	0	0	0	0	0	0	0	0	0	0	0	0	0	0	0	0	0	0	8	0
522ec43e10be763b9f3ce76d57bab927	0	0	0	0	0	0	0	0	0	0	0	0	0	0	0	0	0	0	0	0	0	0	0	0	0	0	0	0	0	0	0	0	0	0	0	8
047f8bcd7e9b6e36c6b3bdb9fea3f079	0	0	0	0	0	0	7	0	0	0	0	0	0	0	0	0	0	0	0	0	0	0	0	0	0	0	0	0	0	0	0	0	0	0	0	0
f2143a6d17ed2c1f38638153171e03e1	0	0	0	0	0	0	7	0	0	0	0	0	0	0	0	0	0	0	0	0	0	0	0	0	0	0	0	0	0	0	0	0	0	0	0	0
2e4a2e5ad75f2d321aadefddacb2fca7	0	0	0	0	0	0	7	0	0	0	0	0	0	0	0	0	0	0	0	0	0	0	0	0	0	0	0	0	0	0	0	0	0	0	0	0
d9e6eaf4616dea5aaa3b0e11727cc06a	0	0	0	0	0	0	0	0	7	0	0	0	0	0	0	0	0	0	0	0	0	0	0	0	0	0	0	0	0	0	0	0	0	0	0	0
4be5be28e3f1abcd9e5bcea56c08e9ef	0	0	0	0	0	0	0	0	7	0	0	0	0	0	0	0	0	0	0	0	0	0	0	0	0	0	0	0	0	0	0	0	0	0	0	0
a50402c28a4f5a97d6c4b864bf13551f	0	0	0	0	0	0	0	0	3	0	4	0	0	0	0	0	0	0	0	0	0	0	0	0	0	0	0	0	0	0	0	0	0	0	0	0
06dcdf4417390e497e26931e22362acf	0	0	0	0	0	0	0	0	3	0	0	0	0	0	4	0	0	0	0	0	0	0	0	0	0	0	0	0	0	0	0	0	0	0	0	0
d1999ea3c32f183d926a4bb6bc9762ac	0	0	0	0	0	0	0	0	0	7	0	0	0	0	0	0	0	0	0	0	0	0	0	0	0	0	0	0	0	0	0	0	0	0	0	0
fcda72145e722391b12b58fc32458e7a	0	0	0	0	0	0	0	0	0	0	0	7	0	0	0	0	0	0	0	0	0	0	0	0	0	0	0	0	0	0	0	0	0	0	0	0
91ef42c24faff80ddaa4a3908b0aca5e	0	0	0	0	0	0	0	0	0	0	0	0	0	7	0	0	0	0	0	0	0	0	0	0	0	0	0	0	0	0	0	0	0	0	0	0
6d0f6deb9edd67b6c85fe3527548542d	0	0	0	0	0	0	0	0	0	0	0	0	0	0	7	0	0	0	0	0	0	0	0	0	0	0	0	0	0	0	0	0	0	0	0	0
db17c203ec2fb0cf6723bdb6f8ce8c15	0	0	0	0	0	0	0	0	0	0	0	0	0	0	7	0	0	0	0	0	0	0	0	0	0	0	0	0	0	0	0	0	0	0	0	0
aaee72db82e53b7fb23ab936df1b21eb	0	0	0	0	0	0	0	0	0	0	0	0	0	0	7	0	0	0	0	0	0	0	0	0	0	0	0	0	0	0	0	0	0	0	0	0
906facbcb996c1be1127d5f329071d44	0	0	0	0	0	0	0	0	0	0	0	0	0	0	7	0	0	0	0	0	0	0	0	0	0	0	0	0	0	0	0	0	0	0	0	0
fa9747b4afaa70dcb6764f08f7c458c8	0	0	0	0	0	0	0	0	0	0	0	0	0	0	0	7	0	0	0	0	0	0	0	0	0	0	0	0	0	0	0	0	0	0	0	0
c597311b916e815aa5e596ee661a2616	0	0	0	0	0	0	0	0	0	0	0	0	0	0	0	0	0	7	0	0	0	0	0	0	0	0	0	0	0	0	0	0	0	0	0	0
49c77ba2fe8d9381c98af858fee03d43	0	0	0	0	0	0	0	0	0	0	0	0	0	0	0	0	0	0	0	7	0	0	0	0	0	0	0	0	0	0	0	0	0	0	0	0
bdb08213d8aef192166f52d62e26545a	0	0	0	0	0	0	0	0	0	0	0	0	0	0	0	0	0	0	0	7	0	0	0	0	0	0	0	0	0	0	0	0	0	0	0	0
63e1357b87924ee2de0ba4f20889721f	0	0	0	0	0	0	0	0	0	0	0	0	0	0	0	0	0	0	0	0	7	0	0	0	0	0	0	0	0	0	0	0	0	0	0	0
a0b232d13eeb7c910fdcdf62de107ce6	0	0	0	0	0	0	0	0	0	0	0	0	0	0	0	0	0	0	0	0	2	0	0	0	0	0	0	0	0	0	0	0	0	0	0	5
23072b7b44465b84c9b2c9c7f1cbe538	0	0	0	0	0	0	0	0	0	0	0	0	0	0	0	0	0	0	0	0	0	7	0	0	0	0	0	0	0	0	0	0	0	0	0	0
9888f6ba497f6cda57f73381cf483347	0	0	0	0	0	0	0	0	0	0	0	0	0	0	0	0	0	0	0	0	0	4	0	0	0	0	0	3	0	0	0	0	0	0	0	0
39ffb0b65507d0f07881e23a5df3d2d6	0	0	0	0	0	0	0	0	0	0	0	0	0	0	0	0	0	0	0	0	0	0	7	0	0	0	0	0	0	0	0	0	0	0	0	0
ac13f698f2a1f3e365f62add297b3ae9	0	0	0	0	0	0	0	0	0	0	0	0	0	0	0	0	0	0	0	0	0	0	7	0	0	0	0	0	0	0	0	0	0	0	0	0
78603eda495b30fbcd074620fcc9090c	0	0	0	0	0	0	0	0	0	0	0	0	0	0	0	0	0	0	0	0	0	0	7	0	0	0	0	0	0	0	0	0	0	0	0	0
08f3d5874ca3db91ae8a1fd284a3f037	0	0	0	0	0	0	0	0	0	0	0	0	0	0	0	0	0	0	0	0	0	0	0	7	0	0	0	0	0	0	0	0	0	0	0	0
b70e3f2fba66786e6b8b3826668ff4e9	0	0	0	0	0	0	0	0	0	0	0	0	0	0	0	0	0	0	0	0	0	0	0	0	7	0	0	0	0	0	0	0	0	0	0	0
30fa74df9cd7e1b3715fadc382aa750c	0	0	0	0	0	0	0	0	0	0	0	0	0	0	0	0	0	0	0	0	0	0	0	0	0	0	0	7	0	0	0	0	0	0	0	0
a4d2e6888d56a2e335a464f6f3c5bd4d	0	0	0	0	0	0	0	0	0	0	0	0	0	0	0	0	0	0	0	0	0	0	0	0	0	0	0	7	0	0	0	0	0	0	0	0
122d613041eee654b48b948cffb4e975	0	0	0	0	0	0	0	0	0	0	0	0	0	0	0	0	0	0	0	0	0	0	0	0	0	0	0	0	0	7	0	0	0	0	0	0
807ea9ec6df7627417f7f0eaf27144b2	0	0	0	0	0	0	0	0	0	0	0	0	0	0	0	0	0	0	0	0	0	0	0	0	0	0	0	0	0	7	0	0	0	0	0	0
c0f775fff77049501c4f8b4f5460097c	0	0	0	0	0	0	0	0	0	0	0	0	0	0	0	0	0	0	0	0	0	0	0	0	0	0	0	0	0	0	7	0	0	0	0	0
4fa366b3d8c0e69aaea170b7083cc96a	0	0	0	0	0	0	0	0	0	0	0	0	0	0	0	0	0	0	0	0	0	0	0	0	0	0	0	0	0	0	7	0	0	0	0	0
1bdc30ca1de4599aba5ea37f15097d5b	0	0	0	0	0	0	0	0	0	0	0	0	0	0	0	0	0	0	0	0	0	0	0	0	0	0	0	0	0	0	0	0	0	7	0	0
0548bae20bc5ea560a22b5d4fe55bf87	0	0	0	0	0	0	0	0	0	0	0	0	0	0	0	0	0	0	0	0	0	0	0	0	0	0	0	0	0	0	0	0	0	7	0	0
dc88421ab5f49bd03e3d6f81e4333a1b	0	0	0	0	0	0	0	0	0	0	0	0	0	0	0	0	0	0	0	0	0	0	0	0	0	0	0	0	0	0	0	0	0	7	0	0
1b37ad13985a1a39b60869b077c60a05	0	0	0	0	0	0	0	0	0	0	0	0	0	0	0	0	0	0	0	0	0	0	0	0	0	0	0	0	0	0	0	0	0	7	0	0
2c80d3fcdda1c22d7368567a9387b2dd	0	0	0	0	0	0	0	0	0	0	0	0	0	0	0	0	0	0	0	0	0	0	0	0	0	0	0	0	0	0	0	0	0	7	0	0
110730947d783ef3935ca09d2829bbc9	0	0	0	0	0	0	0	0	0	0	0	0	0	0	0	0	0	0	0	0	0	0	0	0	0	0	0	0	0	0	0	0	0	0	7	0
ddfd49f939f92958b1ec816741055348	0	0	0	0	0	0	0	0	0	0	0	0	0	0	0	0	0	0	0	0	0	0	0	0	0	0	0	0	0	0	0	0	0	0	7	0
b856d966d529143dbd5c81b47e118b64	0	0	0	0	0	0	0	0	0	0	0	0	0	0	0	0	0	0	0	0	0	0	0	0	0	0	0	0	0	0	0	0	0	0	0	7
2bcad688d2ed38f201c0b76d30acc92b	0	0	0	0	0	0	0	0	0	0	0	0	0	0	0	0	0	0	0	0	0	0	0	0	0	0	0	0	0	0	0	0	0	0	0	7
c85d1b78dc8077b2d72f6ffe73fd4783	0	0	0	0	0	0	0	0	0	0	0	0	0	0	0	0	0	0	0	0	0	0	0	0	0	0	0	0	0	0	0	0	0	0	0	7
93cfdf9f219f3a6b4cf58ee1ca0289e4	0	0	0	0	6	0	0	0	0	0	0	0	0	0	0	0	0	0	0	0	0	0	0	0	0	0	0	0	0	0	0	0	0	0	0	0
1efb735efdbf61098b5fa116b1eb0ec1	0	0	0	0	6	0	0	0	0	0	0	0	0	0	0	0	0	0	0	0	0	0	0	0	0	0	0	0	0	0	0	0	0	0	0	0
57fd4dda3eb3694910302d5b6ac0c9b2	0	0	0	0	6	0	0	0	0	0	0	0	0	0	0	0	0	0	0	0	0	0	0	0	0	0	0	0	0	0	0	0	0	0	0	0
c3dac4ed1f3dfe72e6919bec8453ec33	0	0	0	0	6	0	0	0	0	0	0	0	0	0	0	0	0	0	0	0	0	0	0	0	0	0	0	0	0	0	0	0	0	0	0	0
997b30bfcc91e2b9411b133f97a812aa	0	0	0	0	6	0	0	0	0	0	0	0	0	0	0	0	0	0	0	0	0	0	0	0	0	0	0	0	0	0	0	0	0	0	0	0
6ce1925bb3d8f77d1e2883f241cc5585	0	0	0	0	0	0	6	0	0	0	0	0	0	0	0	0	0	0	0	0	0	0	0	0	0	0	0	0	0	0	0	0	0	0	0	0
c0c8dd8e4a89015f7e9f0bca723e87b2	0	0	0	0	0	0	6	0	0	0	0	0	0	0	0	0	0	0	0	0	0	0	0	0	0	0	0	0	0	0	0	0	0	0	0	0
8f90932836eec8eb89164f265ebd63f5	0	0	0	0	0	0	6	0	0	0	0	0	0	0	0	0	0	0	0	0	0	0	0	0	0	0	0	0	0	0	0	0	0	0	0	0
d92ae7ced23f06142a7ee40b70385498	0	0	0	0	0	0	0	6	0	0	0	0	0	0	0	0	0	0	0	0	0	0	0	0	0	0	0	0	0	0	0	0	0	0	0	0
dc0448788e6e7b308569ff07e68ca29f	0	0	0	0	0	0	0	6	0	0	0	0	0	0	0	0	0	0	0	0	0	0	0	0	0	0	0	0	0	0	0	0	0	0	0	0
dd6b5ecc6ac29e220149a368d17f0d70	0	0	0	0	0	0	0	0	6	0	0	0	0	0	0	0	0	0	0	0	0	0	0	0	0	0	0	0	0	0	0	0	0	0	0	0
1b057b5f1c048af522447b5cda8c6be9	0	0	0	0	0	0	0	0	6	0	0	0	0	0	0	0	0	0	0	0	0	0	0	0	0	0	0	0	0	0	0	0	0	0	0	0
fd1098cd571337c869bc804919b0f630	0	0	0	0	0	0	0	0	6	0	0	0	0	0	0	0	0	0	0	0	0	0	0	0	0	0	0	0	0	0	0	0	0	0	0	0
7d5926404952d7e9eb7df30a82b82fa9	0	0	0	0	0	0	0	0	6	0	0	0	0	0	0	0	0	0	0	0	0	0	0	0	0	0	0	0	0	0	0	0	0	0	0	0
1aae60ee58660919702d1db89c7a10cb	0	0	0	0	0	0	0	0	6	0	0	0	0	0	0	0	0	0	0	0	0	0	0	0	0	0	0	0	0	0	0	0	0	0	0	0
7d8b5e79f6ac4e5f668d156c6974e500	0	0	0	0	0	0	0	0	3	0	0	0	0	0	0	0	0	0	0	0	0	0	0	0	0	0	0	3	0	0	0	0	0	0	0	0
a88f0673c51debb35a8dd1c7dfbb9f92	0	0	0	0	0	0	0	0	0	0	6	0	0	0	0	0	0	0	0	0	0	0	0	0	0	0	0	0	0	0	0	0	0	0	0	0
41c52c259bf30676a32a349b9775638e	0	0	0	0	0	0	0	0	0	0	6	0	0	0	0	0	0	0	0	0	0	0	0	0	0	0	0	0	0	0	0	0	0	0	0	0
fdbed1b3880b69cd9bff47fbf56381d9	0	0	0	0	0	0	0	0	0	0	6	0	0	0	0	0	0	0	0	0	0	0	0	0	0	0	0	0	0	0	0	0	0	0	0	0
bcb3b211ea12eed0ba75d12102a0d6d3	0	0	0	0	0	0	0	0	0	0	6	0	0	0	0	0	0	0	0	0	0	0	0	0	0	0	0	0	0	0	0	0	0	0	0	0
14bfe9be29614db666737848836b70b7	0	0	0	0	0	0	0	0	0	0	6	0	0	0	0	0	0	0	0	0	0	0	0	0	0	0	0	0	0	0	0	0	0	0	0	0
63ea78bf6e6c4aca97058a854513965b	0	0	0	0	0	0	0	0	0	0	6	0	0	0	0	0	0	0	0	0	0	0	0	0	0	0	0	0	0	0	0	0	0	0	0	0
7af6a66d6c3f8f3a729fd2afa4502070	0	0	0	0	0	0	0	0	0	0	3	0	0	0	0	0	0	0	0	0	0	0	0	0	0	0	0	3	0	0	0	0	0	0	0	0
f5d09c840e795ff242730388719d06f7	0	0	0	0	0	0	0	0	0	0	0	6	0	0	0	0	0	0	0	0	0	0	0	0	0	0	0	0	0	0	0	0	0	0	0	0
fa6231c1b58cfd87cb793a7f8705e34b	0	0	0	0	0	0	0	0	0	0	0	6	0	0	0	0	0	0	0	0	0	0	0	0	0	0	0	0	0	0	0	0	0	0	0	0
373cc1f479ecc00d6d01e37365c5d86c	0	0	0	0	0	0	0	0	0	0	0	0	0	6	0	0	0	0	0	0	0	0	0	0	0	0	0	0	0	0	0	0	0	0	0	0
669d4db58f282e2b28ebeacd5d73ebf5	0	0	0	0	0	0	0	0	0	0	0	0	0	6	0	0	0	0	0	0	0	0	0	0	0	0	0	0	0	0	0	0	0	0	0	0
8e44b164261f27c8901072d2a7fd8f80	0	0	0	0	0	0	0	0	0	0	0	0	0	0	6	0	0	0	0	0	0	0	0	0	0	0	0	0	0	0	0	0	0	0	0	0
97a386367548689cfddab5c29eb65dcf	0	0	0	0	0	0	0	0	0	0	0	0	0	0	6	0	0	0	0	0	0	0	0	0	0	0	0	0	0	0	0	0	0	0	0	0
bbe0ae05604fdc91a41e50fdd41c0151	0	0	0	0	0	0	0	0	0	0	0	0	0	0	0	0	0	6	0	0	0	0	0	0	0	0	0	0	0	0	0	0	0	0	0	0
fc9fa231af03f051c1e15a06706469c4	0	0	0	0	0	0	0	0	0	0	0	0	0	0	0	0	0	6	0	0	0	0	0	0	0	0	0	0	0	0	0	0	0	0	0	0
9570c299d40a2536e18476a456fae3f8	0	0	0	0	0	0	0	0	0	0	0	0	0	0	0	0	0	6	0	0	0	0	0	0	0	0	0	0	0	0	0	0	0	0	0	0
c0668847be47fe40defe3e701a406b2a	0	0	0	0	0	0	0	0	0	0	0	0	0	0	0	0	0	6	0	0	0	0	0	0	0	0	0	0	0	0	0	0	0	0	0	0
d29b3a954eda9499e683be325d722d32	0	0	0	0	0	0	0	0	0	0	0	0	0	0	0	0	0	6	0	0	0	0	0	0	0	0	0	0	0	0	0	0	0	0	0	0
13aec5e0e9c07c9637fe79844919e7de	0	0	0	0	0	0	0	0	0	0	0	0	0	0	0	0	0	0	6	0	0	0	0	0	0	0	0	0	0	0	0	0	0	0	0	0
02adde88cb8c0fa33a31adad192bc95b	0	0	0	0	0	0	0	0	0	0	0	0	0	0	0	0	0	0	0	0	6	0	0	0	0	0	0	0	0	0	0	0	0	0	0	0
45d351bf7f9e197f8316137d2303bc1d	0	0	0	0	0	0	0	0	0	0	0	0	0	0	0	0	0	0	0	0	6	0	0	0	0	0	0	0	0	0	0	0	0	0	0	0
d373e43a65ef79ab7d395b9b264989f0	0	0	0	0	0	0	0	0	0	0	0	0	0	0	0	0	0	0	0	0	0	0	6	0	0	0	0	0	0	0	0	0	0	0	0	0
a9b0ea2b53ffa231ad3e6bd381841fd2	0	0	0	0	0	0	0	0	0	0	0	0	0	0	0	0	0	0	0	0	0	0	6	0	0	0	0	0	0	0	0	0	0	0	0	0
39dcb04598c8e8530a9e639f2a6f0ec6	0	0	0	0	0	0	0	0	0	0	0	0	0	0	0	0	0	0	0	0	0	0	6	0	0	0	0	0	0	0	0	0	0	0	0	0
1f65bfbc489c3ebfcafe463eeb02eb2f	0	0	0	0	0	0	0	0	0	0	0	0	0	0	0	0	0	0	0	0	0	0	6	0	0	0	0	0	0	0	0	0	0	0	0	0
ff08beb41e2696bd8389dfb996c54a21	0	0	0	0	0	0	0	0	0	0	0	0	0	0	0	0	0	0	0	0	0	0	6	0	0	0	0	0	0	0	0	0	0	0	0	0
0337736bc21ddf2ba988a232c6dfe9ec	0	0	0	0	0	0	0	0	0	0	0	0	0	0	0	0	0	0	0	0	0	0	0	6	0	0	0	0	0	0	0	0	0	0	0	0
317301d6a9987b9201c0bb0144436472	0	0	0	0	0	0	0	0	0	0	0	0	0	0	0	0	0	0	0	0	0	0	0	6	0	0	0	0	0	0	0	0	0	0	0	0
96f9d08e26e2499c6cfec0ec30439e3b	0	0	0	0	0	0	0	0	0	0	0	0	0	0	0	0	0	0	0	0	0	0	0	6	0	0	0	0	0	0	0	0	0	0	0	0
309bf03474dd70221ee28994dfa8fb46	0	0	0	0	0	0	0	0	0	0	0	0	0	0	0	0	0	0	0	0	0	0	0	0	0	6	0	0	0	0	0	0	0	0	0	0
94df633801ec13a31e510a8f1545f87d	0	0	0	0	0	0	0	0	0	0	0	0	0	0	0	0	0	0	0	0	0	0	0	0	0	0	6	0	0	0	0	0	0	0	0	0
295d94fd5c278d3ac45c413c55d6b143	0	0	0	0	0	0	0	0	0	0	0	0	0	0	0	0	0	0	0	0	0	0	0	0	0	0	0	6	0	0	0	0	0	0	0	0
cc216307a77b5442d082f5451b8d3179	0	0	0	0	0	0	0	0	0	0	0	0	0	0	0	0	0	0	0	0	0	0	0	0	0	0	0	6	0	0	0	0	0	0	0	0
4ec9d9a9a39c41fe1cfb399326d25005	0	0	0	0	0	0	0	0	0	0	0	0	0	0	0	0	0	0	0	0	0	0	0	0	0	0	0	0	0	6	0	0	0	0	0	0
31f71ce5b3e181687916a3ce57c0e880	0	0	0	0	0	0	0	0	0	0	0	0	0	0	0	0	0	0	0	0	0	0	0	0	0	0	0	0	0	6	0	0	0	0	0	0
249d7e0135a47227083e971be071915d	0	0	0	0	0	0	0	0	0	0	0	0	0	0	0	0	0	0	0	0	0	0	0	0	0	0	0	0	0	0	0	6	0	0	0	0
c901cc5386f34bea86c372b2315ab632	0	0	0	0	0	0	0	0	0	0	0	0	0	0	0	0	0	0	0	0	0	0	0	0	0	0	0	0	0	0	0	0	0	6	0	0
55f52f659416ddabb4b64427b0cdb23d	0	0	0	0	0	0	0	0	0	0	0	0	0	0	0	0	0	0	0	0	0	0	0	0	0	0	0	0	0	0	0	0	0	0	6	0
553b4bf0fef66ad09a379071229da81d	0	0	0	0	0	0	0	0	0	0	0	0	0	0	0	0	0	0	0	0	0	0	0	0	0	0	0	0	0	0	0	0	0	0	6	0
6b0028ae460569c84a6d63c77438ba4f	0	0	0	0	0	0	0	0	0	0	0	0	0	0	0	0	0	0	0	0	0	0	0	0	0	0	0	0	0	0	0	0	0	0	6	0
b61b3e6e2563c69189cc2fb58555733a	0	0	0	0	0	0	0	0	0	0	0	0	0	0	0	0	0	0	0	0	0	0	0	0	0	0	0	0	0	0	0	0	0	0	6	0
007d1ad63f517aedd18c717d370befa1	0	0	0	0	0	0	0	0	0	0	0	0	0	0	0	0	0	0	0	0	0	0	0	0	0	0	0	0	0	0	0	0	0	0	6	0
248c58cb80c9ee70806da3466e60ba19	0	0	0	0	0	0	0	0	0	0	0	0	0	0	0	0	0	0	0	0	0	0	0	0	0	0	0	0	0	0	0	0	0	0	0	6
459467380c94843305edc3fb702c117c	0	0	0	0	0	0	0	0	0	0	0	0	0	0	0	0	0	0	0	0	0	0	0	0	0	0	0	0	0	0	0	0	0	0	0	6
baa957e5181a6bc4435430180b35aad5	0	0	0	0	5	0	0	0	0	0	0	0	0	0	0	0	0	0	0	0	0	0	0	0	0	0	0	0	0	0	0	0	0	0	0	0
1319056d5ba81143b59d957f7c0e8e44	0	0	0	0	0	5	0	0	0	0	0	0	0	0	0	0	0	0	0	0	0	0	0	0	0	0	0	0	0	0	0	0	0	0	0	0
c93c78760a0511f0e50a671bd44c34ed	0	0	0	0	0	5	0	0	0	0	0	0	0	0	0	0	0	0	0	0	0	0	0	0	0	0	0	0	0	0	0	0	0	0	0	0
807322ab81656618e4418f1f7a4f377f	0	0	0	0	0	0	5	0	0	0	0	0	0	0	0	0	0	0	0	0	0	0	0	0	0	0	0	0	0	0	0	0	0	0	0	0
a5769d07988ea19e23a808e643aa58d3	0	0	0	0	0	0	5	0	0	0	0	0	0	0	0	0	0	0	0	0	0	0	0	0	0	0	0	0	0	0	0	0	0	0	0	0
f48cbba2fe7a2cba3df1c5bcffc1fa83	0	0	0	0	0	0	0	5	0	0	0	0	0	0	0	0	0	0	0	0	0	0	0	0	0	0	0	0	0	0	0	0	0	0	0	0
76866b5712f481542b5a18d823fdbf04	0	0	0	0	0	0	0	5	0	0	0	0	0	0	0	0	0	0	0	0	0	0	0	0	0	0	0	0	0	0	0	0	0	0	0	0
c0993401115369638c7bec4bec5981d7	0	0	0	0	0	0	0	5	0	0	0	0	0	0	0	0	0	0	0	0	0	0	0	0	0	0	0	0	0	0	0	0	0	0	0	0
ee3dc430ea374945b3c74bc28c894e6f	0	0	0	0	0	0	0	0	5	0	0	0	0	0	0	0	0	0	0	0	0	0	0	0	0	0	0	0	0	0	0	0	0	0	0	0
629c55cbfe09d9ae685e875cc5c65b23	0	0	0	0	0	0	0	0	5	0	0	0	0	0	0	0	0	0	0	0	0	0	0	0	0	0	0	0	0	0	0	0	0	0	0	0
59d4189a1316f94b3364354a93fbf774	0	0	0	0	0	0	0	0	5	0	0	0	0	0	0	0	0	0	0	0	0	0	0	0	0	0	0	0	0	0	0	0	0	0	0	0
f77a063b472fe25c463bde04f4597a33	0	0	0	0	0	0	0	0	5	0	0	0	0	0	0	0	0	0	0	0	0	0	0	0	0	0	0	0	0	0	0	0	0	0	0	0
4287f9128329cdf3a30826b67cc0126c	0	0	0	0	0	0	0	0	5	0	0	0	0	0	0	0	0	0	0	0	0	0	0	0	0	0	0	0	0	0	0	0	0	0	0	0
d3a9f993c2d87d6355e489b68ba714fa	0	0	0	0	0	0	0	0	5	0	0	0	0	0	0	0	0	0	0	0	0	0	0	0	0	0	0	0	0	0	0	0	0	0	0	0
dab5c613bd26863c44bd7cca8a24b3ff	0	0	0	0	0	0	0	0	5	0	0	0	0	0	0	0	0	0	0	0	0	0	0	0	0	0	0	0	0	0	0	0	0	0	0	0
080f1fc8026e71a7baf79cf9c6c2a830	0	0	0	0	0	0	0	0	0	5	0	0	0	0	0	0	0	0	0	0	0	0	0	0	0	0	0	0	0	0	0	0	0	0	0	0
d4ed8e95671bb076cf81536b9db1e1be	0	0	0	0	0	0	0	0	0	5	0	0	0	0	0	0	0	0	0	0	0	0	0	0	0	0	0	0	0	0	0	0	0	0	0	0
67aa187e7915900cc6979df994fc867c	0	0	0	0	0	0	0	0	0	0	5	0	0	0	0	0	0	0	0	0	0	0	0	0	0	0	0	0	0	0	0	0	0	0	0	0
12213e39b1f6f44090a51b40c58399c2	0	0	0	0	0	0	0	0	0	0	0	5	0	0	0	0	0	0	0	0	0	0	0	0	0	0	0	0	0	0	0	0	0	0	0	0
b289b930b242b87e76ddc232dd85f5ab	0	0	0	0	0	0	0	0	0	0	0	0	0	5	0	0	0	0	0	0	0	0	0	0	0	0	0	0	0	0	0	0	0	0	0	0
68bb2155ac47360e851ae3e2a220d2f5	0	0	0	0	0	0	0	0	0	0	0	0	0	5	0	0	0	0	0	0	0	0	0	0	0	0	0	0	0	0	0	0	0	0	0	0
7564481abb08196edc36dc0c4cef6ff9	0	0	0	0	0	0	0	0	0	0	0	0	0	0	5	0	0	0	0	0	0	0	0	0	0	0	0	0	0	0	0	0	0	0	0	0
c51812f146bbbf7194777a822ae06751	0	0	0	0	0	0	0	0	0	0	0	0	0	0	5	0	0	0	0	0	0	0	0	0	0	0	0	0	0	0	0	0	0	0	0	0
e399e173b2da1f3177e7a32be9da515a	0	0	0	0	0	0	0	0	0	0	0	0	0	0	0	5	0	0	0	0	0	0	0	0	0	0	0	0	0	0	0	0	0	0	0	0
59420bb18e637f2e20009a2a97c70cd3	0	0	0	0	0	0	0	0	0	0	0	0	0	0	0	0	5	0	0	0	0	0	0	0	0	0	0	0	0	0	0	0	0	0	0	0
1ffe9fa66b2537e72c29198d25a2b896	0	0	0	0	0	0	0	0	0	0	0	0	0	0	0	0	0	5	0	0	0	0	0	0	0	0	0	0	0	0	0	0	0	0	0	0
d8f3bded812bb82e1af56b3940ca4337	0	0	0	0	0	0	0	0	0	0	0	0	0	0	0	0	0	5	0	0	0	0	0	0	0	0	0	0	0	0	0	0	0	0	0	0
6190f0b2f59817f64889da82821ec73d	0	0	0	0	0	0	0	0	0	0	0	0	0	0	0	0	0	0	5	0	0	0	0	0	0	0	0	0	0	0	0	0	0	0	0	0
c1fd93c3d8a1c03c53fb9e9a75a3f86b	0	0	0	0	0	0	0	0	0	0	0	0	0	0	0	0	0	0	5	0	0	0	0	0	0	0	0	0	0	0	0	0	0	0	0	0
838408cc5fdf48056be594b5534e2486	0	0	0	0	0	0	0	0	0	0	0	0	0	0	0	0	0	0	0	0	5	0	0	0	0	0	0	0	0	0	0	0	0	0	0	0
f7d494eafe97dbb2fcbd8a90a0041233	0	0	0	0	0	0	0	0	0	0	0	0	0	0	0	0	0	0	0	0	0	0	5	0	0	0	0	0	0	0	0	0	0	0	0	0
257f4b3c6f2160400336d36be3e7b616	0	0	0	0	0	0	0	0	0	0	0	0	0	0	0	0	0	0	0	0	0	0	5	0	0	0	0	0	0	0	0	0	0	0	0	0
aa370d1a3cda7b6f2653a991ebbc271a	0	0	0	0	0	0	0	0	0	0	0	0	0	0	0	0	0	0	0	0	0	0	5	0	0	0	0	0	0	0	0	0	0	0	0	0
4a2c5f77c660250d6230298f9779d449	0	0	0	0	0	0	0	0	0	0	0	0	0	0	0	0	0	0	0	0	0	0	5	0	0	0	0	0	0	0	0	0	0	0	0	0
e8c3de6d0ad8751d884df260d719fe50	0	0	0	0	0	0	0	0	0	0	0	0	0	0	0	0	0	0	0	0	0	0	0	0	0	5	0	0	0	0	0	0	0	0	0	0
91d4b37baef8e66881d91efaf7b98321	0	0	0	0	0	0	0	0	0	0	0	0	0	0	0	0	0	0	0	0	0	0	0	0	0	0	0	5	0	0	0	0	0	0	0	0
0bcb88544bc5288af9141c279570cf13	0	0	0	0	0	0	0	0	0	0	0	0	0	0	0	0	0	0	0	0	0	0	0	0	0	0	0	5	0	0	0	0	0	0	0	0
ecc2707847a44e1b5d55daeb85fc3ad8	0	0	0	0	0	0	0	0	0	0	0	0	0	0	0	0	0	0	0	0	0	0	0	0	0	0	0	5	0	0	0	0	0	0	0	0
36204eff82240bac85c7ee67df54cdfe	0	0	0	0	0	0	0	0	0	0	0	0	0	0	0	0	0	0	0	0	0	0	0	0	0	0	0	5	0	0	0	0	0	0	0	0
a3c350ea154852614da7604365370b7b	0	0	0	0	0	0	0	0	0	0	0	0	0	0	0	0	0	0	0	0	0	0	0	0	0	0	0	5	0	0	0	0	0	0	0	0
1d5ede474e92478a1c6368760f14b49d	0	0	0	0	0	0	0	0	0	0	0	0	0	0	0	0	0	0	0	0	0	0	0	0	0	0	0	0	0	5	0	0	0	0	0	0
41c16166523d5cdb7bfcb0d9ce14860a	0	0	0	0	0	0	0	0	0	0	0	0	0	0	0	0	0	0	0	0	0	0	0	0	0	0	0	0	0	5	0	0	0	0	0	0
0ed3a6836e138f14044f6950ad7280d2	0	0	0	0	0	0	0	0	0	0	0	0	0	0	0	0	0	0	0	0	0	0	0	0	0	0	0	0	0	5	0	0	0	0	0	0
6d2f6c7b26cbbd9ec4b6f286b19f07cb	0	0	0	0	0	0	0	0	0	0	0	0	0	0	0	0	0	0	0	0	0	0	0	0	0	0	0	0	0	5	0	0	0	0	0	0
a7bcbaf493ab75ce5348490b6b95a4b4	0	0	0	0	0	0	0	0	0	0	0	0	0	0	0	0	0	0	0	0	0	0	0	0	0	0	0	0	0	5	0	0	0	0	0	0
bafe7ad8088a0f75b6fc0363888d3010	0	0	0	0	0	0	0	0	0	0	0	0	0	0	0	0	0	0	0	0	0	0	0	0	0	0	0	0	0	5	0	0	0	0	0	0
ebb190062827e61c79f1344ef00d556e	0	0	0	0	0	0	0	0	0	0	0	0	0	0	0	0	0	0	0	0	0	0	0	0	0	0	0	0	0	5	0	0	0	0	0	0
aa4c84d5428d1395ddd51e9d0956ec28	0	0	0	0	0	0	0	0	0	0	0	0	0	0	0	0	0	0	0	0	0	0	0	0	0	0	0	0	0	0	5	0	0	0	0	0
c0e6b3a8b4fe7c8c65393c9d8d553215	0	0	0	0	0	0	0	0	0	0	0	0	0	0	0	0	0	0	0	0	0	0	0	0	0	0	0	0	0	0	5	0	0	0	0	0
705e5a5b929be7a7acfda7721bb4b79c	0	0	0	0	0	0	0	0	0	0	0	0	0	0	0	0	0	0	0	0	0	0	0	0	0	0	0	0	0	0	0	5	0	0	0	0
ff5b79f57cb6b0b3ac3d4c1e63bcce43	0	0	0	0	0	0	0	0	0	0	0	0	0	0	0	0	0	0	0	0	0	0	0	0	0	0	0	0	0	0	0	5	0	0	0	0
a47f1d9b166707448add5c1c113eb511	0	0	0	0	0	0	0	0	0	0	0	0	0	0	0	0	0	0	0	0	0	0	0	0	0	0	0	0	0	0	0	0	0	5	0	0
8d38cae8fc00fd8b3232e35f9b952d52	0	0	0	0	0	0	0	0	0	0	0	0	0	0	0	0	0	0	0	0	0	0	0	0	0	0	0	0	0	0	0	0	0	5	0	0
502285eff60ccb74f4c28d3d3a6fda79	0	0	0	0	0	0	0	0	0	0	0	0	0	0	0	0	0	0	0	0	0	0	0	0	0	0	0	0	0	0	0	0	0	5	0	0
aafb6ca6537c21f170ece1de474769ab	0	0	0	0	0	0	0	0	0	0	0	0	0	0	0	0	0	0	0	0	0	0	0	0	0	0	0	0	0	0	0	0	0	5	0	0
3e6dea3e4bc16fc7a09acbc02b166cbe	0	0	0	0	0	0	0	0	0	0	0	0	0	0	0	0	0	0	0	0	0	0	0	0	0	0	0	0	0	0	0	0	0	5	0	0
54eed8a176537d22e4f240e703cda870	0	0	0	0	0	0	0	0	0	0	0	0	0	0	0	0	0	0	0	0	0	0	0	0	0	0	0	0	0	0	0	0	0	0	5	0
a65df9baee52cb2369f24265c3481e42	0	0	0	0	0	0	0	0	0	0	0	0	0	0	0	0	0	0	0	0	0	0	0	0	0	0	0	0	0	0	0	0	0	0	0	5
220e3ca0303c7c61425dae2800de98ff	0	0	0	0	0	0	0	0	0	0	0	0	0	0	0	0	0	0	0	0	0	0	0	0	0	0	0	0	0	0	0	0	0	0	0	5
0c9c94c37d656948d005115847628916	4	0	0	0	0	0	0	0	0	0	0	0	0	0	0	0	0	0	0	0	0	0	0	0	0	0	0	0	0	0	0	0	0	0	0	0
368aef4f62e0a5f30673eb586eb1e514	0	0	0	0	4	0	0	0	0	0	0	0	0	0	0	0	0	0	0	0	0	0	0	0	0	0	0	0	0	0	0	0	0	0	0	0
3ffc7241cb63feff4bdb4a74d3b783ca	0	0	0	0	4	0	0	0	0	0	0	0	0	0	0	0	0	0	0	0	0	0	0	0	0	0	0	0	0	0	0	0	0	0	0	0
53aeb492da32141c9edf2789c663e1b3	0	0	0	0	0	0	4	0	0	0	0	0	0	0	0	0	0	0	0	0	0	0	0	0	0	0	0	0	0	0	0	0	0	0	0	0
0b9e7b1532d86d28d872bfd0ba38a575	0	0	0	0	0	0	4	0	0	0	0	0	0	0	0	0	0	0	0	0	0	0	0	0	0	0	0	0	0	0	0	0	0	0	0	0
c4d0e46b0f57d9c396112c75cba84d66	0	0	0	0	0	0	4	0	0	0	0	0	0	0	0	0	0	0	0	0	0	0	0	0	0	0	0	0	0	0	0	0	0	0	0	0
96066dcab951e1fc5db6790d58df3e1b	0	0	0	0	0	0	0	4	0	0	0	0	0	0	0	0	0	0	0	0	0	0	0	0	0	0	0	0	0	0	0	0	0	0	0	0
e8bb6ced590f2406f9650a165c06c0f6	0	0	0	0	0	0	0	0	4	0	0	0	0	0	0	0	0	0	0	0	0	0	0	0	0	0	0	0	0	0	0	0	0	0	0	0
81618b4490ffee4ec28c6383ac382307	0	0	0	0	0	0	0	0	4	0	0	0	0	0	0	0	0	0	0	0	0	0	0	0	0	0	0	0	0	0	0	0	0	0	0	0
fd85c23baa792675e12e1db1ee5d81c3	0	0	0	0	0	0	0	0	4	0	0	0	0	0	0	0	0	0	0	0	0	0	0	0	0	0	0	0	0	0	0	0	0	0	0	0
8d32cb7d685931e9669b78d2cde217c5	0	0	0	0	0	0	0	0	4	0	0	0	0	0	0	0	0	0	0	0	0	0	0	0	0	0	0	0	0	0	0	0	0	0	0	0
87e20f4737482de7ebd30a0cbc80b02e	0	0	0	0	0	0	0	0	4	0	0	0	0	0	0	0	0	0	0	0	0	0	0	0	0	0	0	0	0	0	0	0	0	0	0	0
063872ec7a47c77408da67ddbf7e7434	0	0	0	0	0	0	0	0	4	0	0	0	0	0	0	0	0	0	0	0	0	0	0	0	0	0	0	0	0	0	0	0	0	0	0	0
d1c705f482114fb134b900f22fb28947	0	0	0	0	0	0	0	0	4	0	0	0	0	0	0	0	0	0	0	0	0	0	0	0	0	0	0	0	0	0	0	0	0	0	0	0
750ced0d582964ced2e2cd860b1c3412	0	0	0	0	0	0	0	0	4	0	0	0	0	0	0	0	0	0	0	0	0	0	0	0	0	0	0	0	0	0	0	0	0	0	0	0
6445baf6e95aeb1a6d1c7cb3f1b43072	0	0	0	0	0	0	0	0	0	4	0	0	0	0	0	0	0	0	0	0	0	0	0	0	0	0	0	0	0	0	0	0	0	0	0	0
46c37fbceb654840b6a49a4a9432fa3a	0	0	0	0	0	0	0	0	0	0	4	0	0	0	0	0	0	0	0	0	0	0	0	0	0	0	0	0	0	0	0	0	0	0	0	0
83e948f389f9d97b0c975afc880989e8	0	0	0	0	0	0	0	0	0	0	4	0	0	0	0	0	0	0	0	0	0	0	0	0	0	0	0	0	0	0	0	0	0	0	0	0
eeecf8f1f22b58c4fe1a6f29147e2ad5	0	0	0	0	0	0	0	0	0	0	4	0	0	0	0	0	0	0	0	0	0	0	0	0	0	0	0	0	0	0	0	0	0	0	0	0
8256252a52ecaa2d739abc079d168da5	0	0	0	0	0	0	0	0	0	0	4	0	0	0	0	0	0	0	0	0	0	0	0	0	0	0	0	0	0	0	0	0	0	0	0	0
80cdb1dd2537921fd25bab5cf8aa4ce9	0	0	0	0	0	0	0	0	0	0	4	0	0	0	0	0	0	0	0	0	0	0	0	0	0	0	0	0	0	0	0	0	0	0	0	0
a58dd8cbbb4eccc1b23a8688d2439eaf	0	0	0	0	0	0	0	0	0	0	0	0	0	4	0	0	0	0	0	0	0	0	0	0	0	0	0	0	0	0	0	0	0	0	0	0
deab50b9507e555e842e01d198e07fdf	0	0	0	0	0	0	0	0	0	0	0	0	0	4	0	0	0	0	0	0	0	0	0	0	0	0	0	0	0	0	0	0	0	0	0	0
4fd9286bf00ece1db343794ef74b75b6	0	0	0	0	0	0	0	0	0	0	0	0	0	4	0	0	0	0	0	0	0	0	0	0	0	0	0	0	0	0	0	0	0	0	0	0
f4007e7d3694c53b27b5828b2a971b63	0	0	0	0	0	0	0	0	0	0	0	0	0	4	0	0	0	0	0	0	0	0	0	0	0	0	0	0	0	0	0	0	0	0	0	0
4350dd76462fb8b8fddc4c51b6d87f78	0	0	0	0	0	0	0	0	0	0	0	0	0	4	0	0	0	0	0	0	0	0	0	0	0	0	0	0	0	0	0	0	0	0	0	0
28bda47a23847e97eac1786926c169d5	0	0	0	0	0	0	0	0	0	0	0	0	0	2	0	0	0	0	0	0	0	0	0	0	0	0	0	0	0	0	0	0	0	2	0	0
e3c0a62e4faf504b2a4e90729ce173c9	0	0	0	0	0	0	0	0	0	0	0	0	0	0	4	0	0	0	0	0	0	0	0	0	0	0	0	0	0	0	0	0	0	0	0	0
fcf23f1f875342d170c34acdfba02d08	0	0	0	0	0	0	0	0	0	0	0	0	0	0	4	0	0	0	0	0	0	0	0	0	0	0	0	0	0	0	0	0	0	0	0	0
a503b66698233be8b51dc80d99da0054	0	0	0	0	0	0	0	0	0	0	0	0	0	0	4	0	0	0	0	0	0	0	0	0	0	0	0	0	0	0	0	0	0	0	0	0
a3bfd5e0eb544ec5d6c055b9d46c5801	0	0	0	0	0	0	0	0	0	0	0	0	0	0	0	0	0	4	0	0	0	0	0	0	0	0	0	0	0	0	0	0	0	0	0	0
25de454ba89fb74f4c7468cc7f6a0cf4	0	0	0	0	0	0	0	0	0	0	0	0	0	0	0	0	0	4	0	0	0	0	0	0	0	0	0	0	0	0	0	0	0	0	0	0
08bdc6c81f6b9daab3d132b54e1d45bc	0	0	0	0	0	0	0	0	0	0	0	0	0	0	0	0	0	4	0	0	0	0	0	0	0	0	0	0	0	0	0	0	0	0	0	0
988fd9d8f0f39b2aa48796f139968987	0	0	0	0	0	0	0	0	0	0	0	0	0	0	0	0	0	4	0	0	0	0	0	0	0	0	0	0	0	0	0	0	0	0	0	0
8ed7b82da45ef7f7bd408c745eb4e304	0	0	0	0	0	0	0	0	0	0	0	0	0	0	0	0	0	0	4	0	0	0	0	0	0	0	0	0	0	0	0	0	0	0	0	0
f5cfc991ab1f38256d0e97120c323c7c	0	0	0	0	0	0	0	0	0	0	0	0	0	0	0	0	0	0	0	4	0	0	0	0	0	0	0	0	0	0	0	0	0	0	0	0
4c44653a6ffec9c1df72acbe3cfe7eb5	0	0	0	0	0	0	0	0	0	0	0	0	0	0	0	0	0	0	0	0	4	0	0	0	0	0	0	0	0	0	0	0	0	0	0	0
4791c662dafb69ee2b2df3aa0a36050a	0	0	0	0	0	0	0	0	0	0	0	0	0	0	0	0	0	0	0	0	4	0	0	0	0	0	0	0	0	0	0	0	0	0	0	0
d9bca828dbfbb21ff474f91df0826aac	0	0	0	0	0	0	0	0	0	0	0	0	0	0	0	0	0	0	0	0	0	4	0	0	0	0	0	0	0	0	0	0	0	0	0	0
ae5e99d005282350ce1f131f0f4aa4c3	0	0	0	0	0	0	0	0	0	0	0	0	0	0	0	0	0	0	0	0	0	0	4	0	0	0	0	0	0	0	0	0	0	0	0	0
b8d64a315996f39f70c9a1076566753a	0	0	0	0	0	0	0	0	0	0	0	0	0	0	0	0	0	0	0	0	0	0	4	0	0	0	0	0	0	0	0	0	0	0	0	0
223872738a94a7d57b7109fe5fb74179	0	0	0	0	0	0	0	0	0	0	0	0	0	0	0	0	0	0	0	0	0	0	4	0	0	0	0	0	0	0	0	0	0	0	0	0
8e9b210bcf3601e9b2a831e0d3f663a9	0	0	0	0	0	0	0	0	0	0	0	0	0	0	0	0	0	0	0	0	0	0	4	0	0	0	0	0	0	0	0	0	0	0	0	0
9b5f7ba9374f4dacd4e87e12c32d3660	0	0	0	0	0	0	0	0	0	0	0	0	0	0	0	0	0	0	0	0	0	0	4	0	0	0	0	0	0	0	0	0	0	0	0	0
16d2265deb698f6a85b783495ca876dc	0	0	0	0	0	0	0	0	0	0	0	0	0	0	0	0	0	0	0	0	0	0	0	4	0	0	0	0	0	0	0	0	0	0	0	0
2a172b8fdeca1383b656fea65ae0515d	0	0	0	0	0	0	0	0	0	0	0	0	0	0	0	0	0	0	0	0	0	0	0	0	0	4	0	0	0	0	0	0	0	0	0	0
2f86d8746c4476fac23c9b87ed77e7bc	0	0	0	0	0	0	0	0	0	0	0	0	0	0	0	0	0	0	0	0	0	0	0	0	0	4	0	0	0	0	0	0	0	0	0	0
a9d31fb73f736f67af7b1904fa6ac221	0	0	0	0	0	0	0	0	0	0	0	0	0	0	0	0	0	0	0	0	0	0	0	0	0	0	0	4	0	0	0	0	0	0	0	0
a5dd33bfa623a94b0c5753b0f0ec01a7	0	0	0	0	0	0	0	0	0	0	0	0	0	0	0	0	0	0	0	0	0	0	0	0	0	0	0	4	0	0	0	0	0	0	0	0
4be29122ee1c09ecd278365b4c754be0	0	0	0	0	0	0	0	0	0	0	0	0	0	0	0	0	0	0	0	0	0	0	0	0	0	0	0	4	0	0	0	0	0	0	0	0
2b233fe10936ebaea373e74e58350a4d	0	0	0	0	0	0	0	0	0	0	0	0	0	0	0	0	0	0	0	0	0	0	0	0	0	0	0	4	0	0	0	0	0	0	0	0
4ceaede67ed62c0c346b38f86773c763	0	0	0	0	0	0	0	0	0	0	0	0	0	0	0	0	0	0	0	0	0	0	0	0	0	0	0	4	0	0	0	0	0	0	0	0
533a5827a084c7cd00eb9a3bf6f62b7a	0	0	0	0	0	0	0	0	0	0	0	0	0	0	0	0	0	0	0	0	0	0	0	0	0	0	0	4	0	0	0	0	0	0	0	0
24dcc976af7d8012bffb15a8e29e1a21	0	0	0	0	0	0	0	0	0	0	0	0	0	0	0	0	0	0	0	0	0	0	0	0	0	0	0	0	4	0	0	0	0	0	0	0
953feb2cef7127abff72bde4f6720187	0	0	0	0	0	0	0	0	0	0	0	0	0	0	0	0	0	0	0	0	0	0	0	0	0	0	0	0	4	0	0	0	0	0	0	0
910a7391276824967689da6d19647c4f	0	0	0	0	0	0	0	0	0	0	0	0	0	0	0	0	0	0	0	0	0	0	0	0	0	0	0	0	4	0	0	0	0	0	0	0
90cc14e1700dd10287b1032cded0c6b6	0	0	0	0	0	0	0	0	0	0	0	0	0	0	0	0	0	0	0	0	0	0	0	0	0	0	0	0	0	4	0	0	0	0	0	0
9316b32b5102acdaf2c90b83bc7f7277	0	0	0	0	0	0	0	0	0	0	0	0	0	0	0	0	0	0	0	0	0	0	0	0	0	0	0	0	0	4	0	0	0	0	0	0
4ffb6a145b26ee068b1c9b70987535aa	0	0	0	0	0	0	0	0	0	0	0	0	0	0	0	0	0	0	0	0	0	0	0	0	0	0	0	0	0	0	4	0	0	0	0	0
f6a25e77db29ce3f4b02050150834bdb	0	0	0	0	0	0	0	0	0	0	0	0	0	0	0	0	0	0	0	0	0	0	0	0	0	0	0	0	0	0	4	0	0	0	0	0
7d722dfa8d496b64fbb0dc06cc7989e3	0	0	0	0	0	0	0	0	0	0	0	0	0	0	0	0	0	0	0	0	0	0	0	0	0	0	0	0	0	0	0	4	0	0	0	0
c245bb9b08d86987f9ff99cf06b2b03b	0	0	0	0	0	0	0	0	0	0	0	0	0	0	0	0	0	0	0	0	0	0	0	0	0	0	0	0	0	0	0	0	0	4	0	0
ba64708d3c4df00c51e6427e4efa0ffe	0	0	0	0	0	0	0	0	0	0	0	0	0	0	0	0	0	0	0	0	0	0	0	0	0	0	0	0	0	0	0	0	0	4	0	0
fc21b8e6570515c5cc38afb878f678d7	0	0	0	0	0	0	0	0	0	0	0	0	0	0	0	0	0	0	0	0	0	0	0	0	0	0	0	0	0	0	0	0	0	4	0	0
3a6e5ca9806ba27acf8066df7053d958	0	0	0	0	0	0	0	0	0	0	0	0	0	0	0	0	0	0	0	0	0	0	0	0	0	0	0	0	0	0	0	0	0	4	0	0
8ee7fa6ab5a08bb6ed3e89c9edc259fb	0	0	0	0	0	0	0	0	0	0	0	0	0	0	0	0	0	0	0	0	0	0	0	0	0	0	0	0	0	0	0	0	0	4	0	0
cf2ae3d4522af059aa40a49e5f78c1fb	0	0	0	0	0	0	0	0	0	0	0	0	0	0	0	0	0	0	0	0	0	0	0	0	0	0	0	0	0	0	0	0	0	4	0	0
a35320c1c9b2ca3b5b132af761ba6c09	0	0	0	0	0	0	0	0	0	0	0	0	0	0	0	0	0	0	0	0	0	0	0	0	0	0	0	0	0	0	0	0	0	0	4	0
d48624965514f2cb4528f371cca120a4	0	0	0	0	0	0	0	0	0	0	0	0	0	0	0	0	0	0	0	0	0	0	0	0	0	0	0	0	0	0	0	0	0	0	0	4
0fe5dbc099d90ca7e8a7cfb7ef5b7dda	0	0	0	0	0	0	0	0	0	0	0	0	0	0	0	0	0	0	0	0	0	0	0	0	0	0	0	0	0	0	0	0	0	0	0	4
8f9fe37364936fd0dab7f0a47bcacfe7	0	0	0	0	0	0	0	0	0	0	0	0	0	0	0	0	0	0	0	0	0	0	0	0	0	0	0	0	0	0	0	0	0	0	0	4
618c207d0c0050c3b09e6dc831f1e119	0	0	0	0	0	0	0	0	0	0	0	0	0	0	0	0	0	0	0	0	0	0	0	0	0	0	0	0	0	0	0	0	0	0	0	4
0cbada05cb0d5f0f2d6d6758acb53105	0	0	0	0	0	0	0	0	0	0	0	0	0	0	0	0	0	0	0	0	0	0	0	0	0	0	0	0	0	0	0	0	0	0	0	4
e1156db843327b69fcb6178acb0febf0	0	0	0	0	3	0	0	0	0	0	0	0	0	0	0	0	0	0	0	0	0	0	0	0	0	0	0	0	0	0	0	0	0	0	0	0
183a17eb487f01e0ab03d044e6126615	0	0	0	0	3	0	0	0	0	0	0	0	0	0	0	0	0	0	0	0	0	0	0	0	0	0	0	0	0	0	0	0	0	0	0	0
8e4f579d4560108a0641dbe2f482b135	0	0	0	0	3	0	0	0	0	0	0	0	0	0	0	0	0	0	0	0	0	0	0	0	0	0	0	0	0	0	0	0	0	0	0	0
8fa3f0ad4a265e4e011bc56b7f2cd292	0	0	0	0	3	0	0	0	0	0	0	0	0	0	0	0	0	0	0	0	0	0	0	0	0	0	0	0	0	0	0	0	0	0	0	0
3e402c10e8ce224fb28fc2bd7e443e81	0	0	0	0	0	3	0	0	0	0	0	0	0	0	0	0	0	0	0	0	0	0	0	0	0	0	0	0	0	0	0	0	0	0	0	0
c30965d53151155fc64f20697d8fe248	0	0	0	0	0	3	0	0	0	0	0	0	0	0	0	0	0	0	0	0	0	0	0	0	0	0	0	0	0	0	0	0	0	0	0	0
459161349a85a10a825516d263ba1c03	0	0	0	0	0	0	3	0	0	0	0	0	0	0	0	0	0	0	0	0	0	0	0	0	0	0	0	0	0	0	0	0	0	0	0	0
10ac7d2c58b4eee61b32687478cde360	0	0	0	0	0	0	3	0	0	0	0	0	0	0	0	0	0	0	0	0	0	0	0	0	0	0	0	0	0	0	0	0	0	0	0	0
18de749c07bd6d0779dd6c96c2c8158a	0	0	0	0	0	0	3	0	0	0	0	0	0	0	0	0	0	0	0	0	0	0	0	0	0	0	0	0	0	0	0	0	0	0	0	0
e8a9b2ce33526bef82b1bb241bcb722c	0	0	0	0	0	0	3	0	0	0	0	0	0	0	0	0	0	0	0	0	0	0	0	0	0	0	0	0	0	0	0	0	0	0	0	0
b13b2bf4c8390cfe305df8dbe40d63ad	0	0	0	0	0	0	3	0	0	0	0	0	0	0	0	0	0	0	0	0	0	0	0	0	0	0	0	0	0	0	0	0	0	0	0	0
5f9d5b5cf15a41d3e5e6cb8ef8ca8045	0	0	0	0	0	0	3	0	0	0	0	0	0	0	0	0	0	0	0	0	0	0	0	0	0	0	0	0	0	0	0	0	0	0	0	0
25dbdb5c0c36c9e42a892d0b1e61338f	0	0	0	0	0	0	3	0	0	0	0	0	0	0	0	0	0	0	0	0	0	0	0	0	0	0	0	0	0	0	0	0	0	0	0	0
cb2527b173025988709c271d314ae011	0	0	0	0	0	0	3	0	0	0	0	0	0	0	0	0	0	0	0	0	0	0	0	0	0	0	0	0	0	0	0	0	0	0	0	0
3cae07f3fd0edf06aa1ead264485ad47	0	0	0	0	0	0	3	0	0	0	0	0	0	0	0	0	0	0	0	0	0	0	0	0	0	0	0	0	0	0	0	0	0	0	0	0
3c3861c581adf9b8a8cf01f20fdbaf2c	0	0	0	0	0	0	3	0	0	0	0	0	0	0	0	0	0	0	0	0	0	0	0	0	0	0	0	0	0	0	0	0	0	0	0	0
0646594904384c952cfd5d4c31c38e48	0	0	0	0	0	0	3	0	0	0	0	0	0	0	0	0	0	0	0	0	0	0	0	0	0	0	0	0	0	0	0	0	0	0	0	0
c86c42d313081e6c6ec2c8088812cb23	0	0	0	0	0	0	0	3	0	0	0	0	0	0	0	0	0	0	0	0	0	0	0	0	0	0	0	0	0	0	0	0	0	0	0	0
4267989ee221cba9e9a65d4c0bf1765d	0	0	0	0	0	0	0	3	0	0	0	0	0	0	0	0	0	0	0	0	0	0	0	0	0	0	0	0	0	0	0	0	0	0	0	0
968eca762de8c44ce5859c937a37e509	0	0	0	0	0	0	0	3	0	0	0	0	0	0	0	0	0	0	0	0	0	0	0	0	0	0	0	0	0	0	0	0	0	0	0	0
70184529bf78072b1262a8414c7dffb0	0	0	0	0	0	0	0	3	0	0	0	0	0	0	0	0	0	0	0	0	0	0	0	0	0	0	0	0	0	0	0	0	0	0	0	0
2e5214fefd4fcf9af4b71042d4a657bb	0	0	0	0	0	0	0	3	0	0	0	0	0	0	0	0	0	0	0	0	0	0	0	0	0	0	0	0	0	0	0	0	0	0	0	0
e46c29cfdaab43e55c992cb5ccd07208	0	0	0	0	0	0	0	3	0	0	0	0	0	0	0	0	0	0	0	0	0	0	0	0	0	0	0	0	0	0	0	0	0	0	0	0
b2983c9769d8e67046684ef9da3f2822	0	0	0	0	0	0	0	0	3	0	0	0	0	0	0	0	0	0	0	0	0	0	0	0	0	0	0	0	0	0	0	0	0	0	0	0
44d5eb04b17155aef5590dbdb131d87b	0	0	0	0	0	0	0	0	3	0	0	0	0	0	0	0	0	0	0	0	0	0	0	0	0	0	0	0	0	0	0	0	0	0	0	0
1cb72232d59bfaaabfd1d51b67dbc0ca	0	0	0	0	0	0	0	0	3	0	0	0	0	0	0	0	0	0	0	0	0	0	0	0	0	0	0	0	0	0	0	0	0	0	0	0
3e1f7413491d0c15742630bde81ccb4a	0	0	0	0	0	0	0	0	3	0	0	0	0	0	0	0	0	0	0	0	0	0	0	0	0	0	0	0	0	0	0	0	0	0	0	0
b23c11c49b4c4ebbfd1542139ca61235	0	0	0	0	0	0	0	0	3	0	0	0	0	0	0	0	0	0	0	0	0	0	0	0	0	0	0	0	0	0	0	0	0	0	0	0
5864161379fe3582b253ccc24126e7bc	0	0	0	0	0	0	0	0	3	0	0	0	0	0	0	0	0	0	0	0	0	0	0	0	0	0	0	0	0	0	0	0	0	0	0	0
b6f454a442bd8494ecab0e333ce7591d	0	0	0	0	0	0	0	0	3	0	0	0	0	0	0	0	0	0	0	0	0	0	0	0	0	0	0	0	0	0	0	0	0	0	0	0
1b290b4f63aed35c13b13787a4c78ae9	0	0	0	0	0	0	0	0	3	0	0	0	0	0	0	0	0	0	0	0	0	0	0	0	0	0	0	0	0	0	0	0	0	0	0	0
0c815f7a11de4daf75ba438417987001	0	0	0	0	0	0	0	0	3	0	0	0	0	0	0	0	0	0	0	0	0	0	0	0	0	0	0	0	0	0	0	0	0	0	0	0
14be826d9cd05674e440e7db9589964c	0	0	0	0	0	0	0	0	0	3	0	0	0	0	0	0	0	0	0	0	0	0	0	0	0	0	0	0	0	0	0	0	0	0	0	0
4c8656a841e99f09b8a2d18deee95071	0	0	0	0	0	0	0	0	0	0	3	0	0	0	0	0	0	0	0	0	0	0	0	0	0	0	0	0	0	0	0	0	0	0	0	0
0de52ea5594cd5aac78e0a76a9c5a69b	0	0	0	0	0	0	0	0	0	0	3	0	0	0	0	0	0	0	0	0	0	0	0	0	0	0	0	0	0	0	0	0	0	0	0	0
fe8cbde51504bb5a7da44438647cb68b	0	0	0	0	0	0	0	0	0	0	3	0	0	0	0	0	0	0	0	0	0	0	0	0	0	0	0	0	0	0	0	0	0	0	0	0
f7018687e1c4a4b7e868ce4593179be9	0	0	0	0	0	0	0	0	0	0	3	0	0	0	0	0	0	0	0	0	0	0	0	0	0	0	0	0	0	0	0	0	0	0	0	0
c8f2eeba3fc3c270432c82e8cb30b571	0	0	0	0	0	0	0	0	0	0	3	0	0	0	0	0	0	0	0	0	0	0	0	0	0	0	0	0	0	0	0	0	0	0	0	0
30f73120217585e787642128edaa8f56	0	0	0	0	0	0	0	0	0	0	3	0	0	0	0	0	0	0	0	0	0	0	0	0	0	0	0	0	0	0	0	0	0	0	0	0
e1085b4258797f5c59b1f5c41c127149	0	0	0	0	0	0	0	0	0	0	3	0	0	0	0	0	0	0	0	0	0	0	0	0	0	0	0	0	0	0	0	0	0	0	0	0
6829a508d8fc284ae015068688332fcb	0	0	0	0	0	0	0	0	0	0	3	0	0	0	0	0	0	0	0	0	0	0	0	0	0	0	0	0	0	0	0	0	0	0	0	0
09ae24f2154f672b30052e73e7e8d7c1	0	0	0	0	0	0	0	0	0	0	3	0	0	0	0	0	0	0	0	0	0	0	0	0	0	0	0	0	0	0	0	0	0	0	0	0
e89ebb4fc1d124f6dcccbeada916da3b	0	0	0	0	0	0	0	0	0	0	0	3	0	0	0	0	0	0	0	0	0	0	0	0	0	0	0	0	0	0	0	0	0	0	0	0
424d89c247fe0a363688e5dcc155f625	0	0	0	0	0	0	0	0	0	0	0	3	0	0	0	0	0	0	0	0	0	0	0	0	0	0	0	0	0	0	0	0	0	0	0	0
50fedede3a236b9cf825a563d2134674	0	0	0	0	0	0	0	0	0	0	0	0	3	0	0	0	0	0	0	0	0	0	0	0	0	0	0	0	0	0	0	0	0	0	0	0
34c6f1659f4de39cd76b561bfdce7885	0	0	0	0	0	0	0	0	0	0	0	0	0	3	0	0	0	0	0	0	0	0	0	0	0	0	0	0	0	0	0	0	0	0	0	0
1df526b1ea254ae012548109c0046124	0	0	0	0	0	0	0	0	0	0	0	0	0	3	0	0	0	0	0	0	0	0	0	0	0	0	0	0	0	0	0	0	0	0	0	0
afb7b348f5788465283df01b41c385f9	0	0	0	0	0	0	0	0	0	0	0	0	0	3	0	0	0	0	0	0	0	0	0	0	0	0	0	0	0	0	0	0	0	0	0	0
f6e19293a298fe39488f59abeff0ca1f	0	0	0	0	0	0	0	0	0	0	0	0	0	3	0	0	0	0	0	0	0	0	0	0	0	0	0	0	0	0	0	0	0	0	0	0
47ebf282ae92b7bf5d2d2f19bf81a55a	0	0	0	0	0	0	0	0	0	0	0	0	0	3	0	0	0	0	0	0	0	0	0	0	0	0	0	0	0	0	0	0	0	0	0	0
12c83a9800dcc598d2a0d767c5373b25	0	0	0	0	0	0	0	0	0	0	0	0	0	3	0	0	0	0	0	0	0	0	0	0	0	0	0	0	0	0	0	0	0	0	0	0
182f93bec5d2f15a04c32a38d423ee53	0	0	0	0	0	0	0	0	0	0	0	0	0	3	0	0	0	0	0	0	0	0	0	0	0	0	0	0	0	0	0	0	0	0	0	0
46732fc10b63c139f2fce4c1744e3344	0	0	0	0	0	0	0	0	0	0	0	0	0	3	0	0	0	0	0	0	0	0	0	0	0	0	0	0	0	0	0	0	0	0	0	0
260aeef7a569f1cb4655da676c3b3c87	0	0	0	0	0	0	0	0	0	0	0	0	0	3	0	0	0	0	0	0	0	0	0	0	0	0	0	0	0	0	0	0	0	0	0	0
0be4f978cf9a82ac79772739703ccc26	0	0	0	0	0	0	0	0	0	0	0	0	0	0	3	0	0	0	0	0	0	0	0	0	0	0	0	0	0	0	0	0	0	0	0	0
26cf5a41bdb17b9a07614da33c3bc585	0	0	0	0	0	0	0	0	0	0	0	0	0	0	3	0	0	0	0	0	0	0	0	0	0	0	0	0	0	0	0	0	0	0	0	0
15de4f5917168dab1102cb35a198337c	0	0	0	0	0	0	0	0	0	0	0	0	0	0	0	3	0	0	0	0	0	0	0	0	0	0	0	0	0	0	0	0	0	0	0	0
6a9aa1fcc32614b262b62324dd679650	0	0	0	0	0	0	0	0	0	0	0	0	0	0	0	0	3	0	0	0	0	0	0	0	0	0	0	0	0	0	0	0	0	0	0	0
bdf45198c40a23d1d3d72185cc947627	0	0	0	0	0	0	0	0	0	0	0	0	0	0	0	0	3	0	0	0	0	0	0	0	0	0	0	0	0	0	0	0	0	0	0	0
b0d1b42f9faa79470b8c27cb418f718b	0	0	0	0	0	0	0	0	0	0	0	0	0	0	0	0	0	3	0	0	0	0	0	0	0	0	0	0	0	0	0	0	0	0	0	0
34b3262617416cce9738e2252861aa65	0	0	0	0	0	0	0	0	0	0	0	0	0	0	0	0	0	3	0	0	0	0	0	0	0	0	0	0	0	0	0	0	0	0	0	0
af5115b3dc79acbcbb7df9fd55346bff	0	0	0	0	0	0	0	0	0	0	0	0	0	0	0	0	0	3	0	0	0	0	0	0	0	0	0	0	0	0	0	0	0	0	0	0
01cc21fd2d1c6c15b8c084e03ee01f30	0	0	0	0	0	0	0	0	0	0	0	0	0	0	0	0	0	3	0	0	0	0	0	0	0	0	0	0	0	0	0	0	0	0	0	0
573b20fdcd5e82140dcad267236f13a0	0	0	0	0	0	0	0	0	0	0	0	0	0	0	0	0	0	3	0	0	0	0	0	0	0	0	0	0	0	0	0	0	0	0	0	0
1eaa590cf2ffd302458895ea3ca2171a	0	0	0	0	0	0	0	0	0	0	0	0	0	0	0	0	0	3	0	0	0	0	0	0	0	0	0	0	0	0	0	0	0	0	0	0
55fa868a8792a81652ac83d155933cfc	0	0	0	0	0	0	0	0	0	0	0	0	0	0	0	0	0	3	0	0	0	0	0	0	0	0	0	0	0	0	0	0	0	0	0	0
7fc805f9df9ec60b6879aa00efd11697	0	0	0	0	0	0	0	0	0	0	0	0	0	0	0	0	0	3	0	0	0	0	0	0	0	0	0	0	0	0	0	0	0	0	0	0
ed9532e6d04989a2ae7e1bca4e09f895	0	0	0	0	0	0	0	0	0	0	0	0	0	0	0	0	0	3	0	0	0	0	0	0	0	0	0	0	0	0	0	0	0	0	0	0
40691ecedb74f329b4460520b017414e	0	0	0	0	0	0	0	0	0	0	0	0	0	0	0	0	0	3	0	0	0	0	0	0	0	0	0	0	0	0	0	0	0	0	0	0
cfdd31d9b8f7ddf7a8cd2d1953b0e546	0	0	0	0	0	0	0	0	0	0	0	0	0	0	0	0	0	3	0	0	0	0	0	0	0	0	0	0	0	0	0	0	0	0	0	0
a3c280baae21402820f690ab38ffd445	0	0	0	0	0	0	0	0	0	0	0	0	0	0	0	0	0	3	0	0	0	0	0	0	0	0	0	0	0	0	0	0	0	0	0	0
af329b41533d8f09b35f77cfb7194906	0	0	0	0	0	0	0	0	0	0	0	0	0	0	0	0	0	3	0	0	0	0	0	0	0	0	0	0	0	0	0	0	0	0	0	0
d9eb530ea6a9cc464f9009c65c3e1bc5	0	0	0	0	0	0	0	0	0	0	0	0	0	0	0	0	0	3	0	0	0	0	0	0	0	0	0	0	0	0	0	0	0	0	0	0
2181bfe31ce032773a46cf4bd632f441	0	0	0	0	0	0	0	0	0	0	0	0	0	0	0	0	0	3	0	0	0	0	0	0	0	0	0	0	0	0	0	0	0	0	0	0
1f21fdf98cc89cbaec1c27a96a87f707	0	0	0	0	0	0	0	0	0	0	0	0	0	0	0	0	0	3	0	0	0	0	0	0	0	0	0	0	0	0	0	0	0	0	0	0
aa26f3369d3c6ecc65808aa6640e549f	0	0	0	0	0	0	0	0	0	0	0	0	0	0	0	0	0	3	0	0	0	0	0	0	0	0	0	0	0	0	0	0	0	0	0	0
d2a83b3b498cafe057d52a7635c6c26b	0	0	0	0	0	0	0	0	0	0	0	0	0	0	0	0	0	0	3	0	0	0	0	0	0	0	0	0	0	0	0	0	0	0	0	0
6b427c52d45e4d74dc18e1150c21f883	0	0	0	0	0	0	0	0	0	0	0	0	0	0	0	0	0	0	3	0	0	0	0	0	0	0	0	0	0	0	0	0	0	0	0	0
d6dc38eb4aac4e72f865426bcc272d86	0	0	0	0	0	0	0	0	0	0	0	0	0	0	0	0	0	0	3	0	0	0	0	0	0	0	0	0	0	0	0	0	0	0	0	0
b70f2d859813465c14af136dc868a1b9	0	0	0	0	0	0	0	0	0	0	0	0	0	0	0	0	0	0	3	0	0	0	0	0	0	0	0	0	0	0	0	0	0	0	0	0
60c4268b3b2dffd3a636e76361814331	0	0	0	0	0	0	0	0	0	0	0	0	0	0	0	0	0	0	3	0	0	0	0	0	0	0	0	0	0	0	0	0	0	0	0	0
500586dc0e2ee07022551d260f6b28b5	0	0	0	0	0	0	0	0	0	0	0	0	0	0	0	0	0	0	0	0	3	0	0	0	0	0	0	0	0	0	0	0	0	0	0	0
8feaf49522751d2f2a78f494f34b83a2	0	0	0	0	0	0	0	0	0	0	0	0	0	0	0	0	0	0	0	0	3	0	0	0	0	0	0	0	0	0	0	0	0	0	0	0
f9766c4216300dc707dd45fb533936e3	0	0	0	0	0	0	0	0	0	0	0	0	0	0	0	0	0	0	0	0	3	0	0	0	0	0	0	0	0	0	0	0	0	0	0	0
6a9bc8fff266c6eb749f27a00abc82e7	0	0	0	0	0	0	0	0	0	0	0	0	0	0	0	0	0	0	0	0	0	3	0	0	0	0	0	0	0	0	0	0	0	0	0	0
604fb5036044bd2b75e8000da93c7971	0	0	0	0	0	0	0	0	0	0	0	0	0	0	0	0	0	0	0	0	0	3	0	0	0	0	0	0	0	0	0	0	0	0	0	0
14c2efdb52342bc9fe8f338b1a097888	0	0	0	0	0	0	0	0	0	0	0	0	0	0	0	0	0	0	0	0	0	3	0	0	0	0	0	0	0	0	0	0	0	0	0	0
3dff40cc18239ee094cf26ae9afdee39	0	0	0	0	0	0	0	0	0	0	0	0	0	0	0	0	0	0	0	0	0	0	3	0	0	0	0	0	0	0	0	0	0	0	0	0
81cf43ca777f16613b46e74b5719c516	0	0	0	0	0	0	0	0	0	0	0	0	0	0	0	0	0	0	0	0	0	0	3	0	0	0	0	0	0	0	0	0	0	0	0	0
c1a328d1bbc7c8f3fe1e400ba8ddb3ad	0	0	0	0	0	0	0	0	0	0	0	0	0	0	0	0	0	0	0	0	0	0	3	0	0	0	0	0	0	0	0	0	0	0	0	0
617569b3936d1308323fcf14fb77ae2f	0	0	0	0	0	0	0	0	0	0	0	0	0	0	0	0	0	0	0	0	0	0	3	0	0	0	0	0	0	0	0	0	0	0	0	0
dbfea34508f42fec6b45f6f94aa05fd2	0	0	0	0	0	0	0	0	0	0	0	0	0	0	0	0	0	0	0	0	0	0	3	0	0	0	0	0	0	0	0	0	0	0	0	0
3bec101fbc2dc50b4defabcae5efc917	0	0	0	0	0	0	0	0	0	0	0	0	0	0	0	0	0	0	0	0	0	0	3	0	0	0	0	0	0	0	0	0	0	0	0	0
bf48197e0d370fbfd09de14a118f08f7	0	0	0	0	0	0	0	0	0	0	0	0	0	0	0	0	0	0	0	0	0	0	3	0	0	0	0	0	0	0	0	0	0	0	0	0
51c83aa0b3b1b26fd77bd3d1d1137945	0	0	0	0	0	0	0	0	0	0	0	0	0	0	0	0	0	0	0	0	0	0	3	0	0	0	0	0	0	0	0	0	0	0	0	0
86cea354285dee85f6d75114044e4dba	0	0	0	0	0	0	0	0	0	0	0	0	0	0	0	0	0	0	0	0	0	0	0	3	0	0	0	0	0	0	0	0	0	0	0	0
3fa04935d650de75d8df567cd9997605	0	0	0	0	0	0	0	0	0	0	0	0	0	0	0	0	0	0	0	0	0	0	0	3	0	0	0	0	0	0	0	0	0	0	0	0
74646fdf74403009cc0b05ee98ec4a7a	0	0	0	0	0	0	0	0	0	0	0	0	0	0	0	0	0	0	0	0	0	0	0	3	0	0	0	0	0	0	0	0	0	0	0	0
1624a32fd8a92fd072362f5d7ae74c16	0	0	0	0	0	0	0	0	0	0	0	0	0	0	0	0	0	0	0	0	0	0	0	0	3	0	0	0	0	0	0	0	0	0	0	0
bc3fa6c0479faa900188d5dbdb5571f1	0	0	0	0	0	0	0	0	0	0	0	0	0	0	0	0	0	0	0	0	0	0	0	0	3	0	0	0	0	0	0	0	0	0	0	0
70a428438f979765d0152cf1e586a10f	0	0	0	0	0	0	0	0	0	0	0	0	0	0	0	0	0	0	0	0	0	0	0	0	3	0	0	0	0	0	0	0	0	0	0	0
551ab59a50401b3ed632562e47c64537	0	0	0	0	0	0	0	0	0	0	0	0	0	0	0	0	0	0	0	0	0	0	0	0	3	0	0	0	0	0	0	0	0	0	0	0
8cdf76eb2af9c0aac30bd2b395b57f58	0	0	0	0	0	0	0	0	0	0	0	0	0	0	0	0	0	0	0	0	0	0	0	0	3	0	0	0	0	0	0	0	0	0	0	0
61b0a1c72b61c5b3c25e889cf09b0499	0	0	0	0	0	0	0	0	0	0	0	0	0	0	0	0	0	0	0	0	0	0	0	0	0	3	0	0	0	0	0	0	0	0	0	0
90008594f19752a94f481d3dae8e889a	0	0	0	0	0	0	0	0	0	0	0	0	0	0	0	0	0	0	0	0	0	0	0	0	0	3	0	0	0	0	0	0	0	0	0	0
444785ae57f892b7ee3198e78e3a9346	0	0	0	0	0	0	0	0	0	0	0	0	0	0	0	0	0	0	0	0	0	0	0	0	0	3	0	0	0	0	0	0	0	0	0	0
6648d2247cb051a93cd1e11f17c62147	0	0	0	0	0	0	0	0	0	0	0	0	0	0	0	0	0	0	0	0	0	0	0	0	0	3	0	0	0	0	0	0	0	0	0	0
c02a171185b85d8614fad8247059344e	0	0	0	0	0	0	0	0	0	0	0	0	0	0	0	0	0	0	0	0	0	0	0	0	0	3	0	0	0	0	0	0	0	0	0	0
39bae026042085897401d43beba0e3d1	0	0	0	0	0	0	0	0	0	0	0	0	0	0	0	0	0	0	0	0	0	0	0	0	0	0	3	0	0	0	0	0	0	0	0	0
6144621bda6b1edd062fbab6d4c6054e	0	0	0	0	0	0	0	0	0	0	0	0	0	0	0	0	0	0	0	0	0	0	0	0	0	0	0	3	0	0	0	0	0	0	0	0
482c6478e7eef436c6970c522e2abc0a	0	0	0	0	0	0	0	0	0	0	0	0	0	0	0	0	0	0	0	0	0	0	0	0	0	0	0	3	0	0	0	0	0	0	0	0
2fa265feae870a1a0b3f55ec85d53c3d	0	0	0	0	0	0	0	0	0	0	0	0	0	0	0	0	0	0	0	0	0	0	0	0	0	0	0	3	0	0	0	0	0	0	0	0
7b4c57537fd7ac2f40b1123de945fb9e	0	0	0	0	0	0	0	0	0	0	0	0	0	0	0	0	0	0	0	0	0	0	0	0	0	0	0	3	0	0	0	0	0	0	0	0
78a637245f5110a8d5f17a338fa0ae19	0	0	0	0	0	0	0	0	0	0	0	0	0	0	0	0	0	0	0	0	0	0	0	0	0	0	0	3	0	0	0	0	0	0	0	0
88cf018422dbb5e348a18a3b2830b27e	0	0	0	0	0	0	0	0	0	0	0	0	0	0	0	0	0	0	0	0	0	0	0	0	0	0	0	3	0	0	0	0	0	0	0	0
eb1d6ab7a6da592a65bb3721fa548dcf	0	0	0	0	0	0	0	0	0	0	0	0	0	0	0	0	0	0	0	0	0	0	0	0	0	0	0	3	0	0	0	0	0	0	0	0
964a6c6bb210507631235799635ca8fe	0	0	0	0	0	0	0	0	0	0	0	0	0	0	0	0	0	0	0	0	0	0	0	0	0	0	0	3	0	0	0	0	0	0	0	0
d261f58ec7cbff1f077b9d2d68b8e7a4	0	0	0	0	0	0	0	0	0	0	0	0	0	0	0	0	0	0	0	0	0	0	0	0	0	0	0	0	3	0	0	0	0	0	0	0
c5cdc75e06218db2fce0e1484815bb83	0	0	0	0	0	0	0	0	0	0	0	0	0	0	0	0	0	0	0	0	0	0	0	0	0	0	0	0	0	3	0	0	0	0	0	0
810d8ad0e07deb969bb264e0c4f4fe28	0	0	0	0	0	0	0	0	0	0	0	0	0	0	0	0	0	0	0	0	0	0	0	0	0	0	0	0	0	3	0	0	0	0	0	0
3666c57e26ec55856c3eaa666b2c9ea1	0	0	0	0	0	0	0	0	0	0	0	0	0	0	0	0	0	0	0	0	0	0	0	0	0	0	0	0	0	3	0	0	0	0	0	0
5519665dabc5e1e5a8974b08386af451	0	0	0	0	0	0	0	0	0	0	0	0	0	0	0	0	0	0	0	0	0	0	0	0	0	0	0	0	0	0	3	0	0	0	0	0
359f8262c04bbd4bf5bfe5f78bc61569	0	0	0	0	0	0	0	0	0	0	0	0	0	0	0	0	0	0	0	0	0	0	0	0	0	0	0	0	0	0	0	3	0	0	0	0
0401c993728272119c69c601a514a3db	0	0	0	0	0	0	0	0	0	0	0	0	0	0	0	0	0	0	0	0	0	0	0	0	0	0	0	0	0	0	0	3	0	0	0	0
950f4a16b0843e7f500c7667e2cf93a7	0	0	0	0	0	0	0	0	0	0	0	0	0	0	0	0	0	0	0	0	0	0	0	0	0	0	0	0	0	0	0	3	0	0	0	0
11f8e1c42acf96dd57d897c6f811524f	0	0	0	0	0	0	0	0	0	0	0	0	0	0	0	0	0	0	0	0	0	0	0	0	0	0	0	0	0	0	0	0	3	0	0	0
66fe7e98cc6795808fad18efb15d14b3	0	0	0	0	0	0	0	0	0	0	0	0	0	0	0	0	0	0	0	0	0	0	0	0	0	0	0	0	0	0	0	0	0	3	0	0
fab88dffc6bafa8fc0b593379fa4280b	0	0	0	0	0	0	0	0	0	0	0	0	0	0	0	0	0	0	0	0	0	0	0	0	0	0	0	0	0	0	0	0	0	3	0	0
adb7b97af9a41bd6629832989d3d6f0e	0	0	0	0	0	0	0	0	0	0	0	0	0	0	0	0	0	0	0	0	0	0	0	0	0	0	0	0	0	0	0	0	0	3	0	0
62987c4ea61ad8be61fe616911e945cb	0	0	0	0	0	0	0	0	0	0	0	0	0	0	0	0	0	0	0	0	0	0	0	0	0	0	0	0	0	0	0	0	0	3	0	0
da7c8a9ec48260a2a2cafa382ae1a914	0	0	0	0	0	0	0	0	0	0	0	0	0	0	0	0	0	0	0	0	0	0	0	0	0	0	0	0	0	0	0	0	0	3	0	0
1369bb7f75f5cc250169db6cd34a34f1	0	0	0	0	0	0	0	0	0	0	0	0	0	0	0	0	0	0	0	0	0	0	0	0	0	0	0	0	0	0	0	0	0	3	0	0
fa6c0be817ef2536a174d63c93eb0b64	0	0	0	0	0	0	0	0	0	0	0	0	0	0	0	0	0	0	0	0	0	0	0	0	0	0	0	0	0	0	0	0	0	3	0	0
255636156d2f8aa85478cca4c0d1bcfe	0	0	0	0	0	0	0	0	0	0	0	0	0	0	0	0	0	0	0	0	0	0	0	0	0	0	0	0	0	0	0	0	0	3	0	0
582c2c6f480072446e9fb6504743fe7f	0	0	0	0	0	0	0	0	0	0	0	0	0	0	0	0	0	0	0	0	0	0	0	0	0	0	0	0	0	0	0	0	0	3	0	0
f67fef6fd972a64734bd78a9a08cbe21	0	0	0	0	0	0	0	0	0	0	0	0	0	0	0	0	0	0	0	0	0	0	0	0	0	0	0	0	0	0	0	0	0	3	0	0
8194bd10c6fcfcda07580266af3fd7f7	0	0	0	0	0	0	0	0	0	0	0	0	0	0	0	0	0	0	0	0	0	0	0	0	0	0	0	0	0	0	0	0	0	3	0	0
64a1248830ce77ca031a926885fa7be5	0	0	0	0	0	0	0	0	0	0	0	0	0	0	0	0	0	0	0	0	0	0	0	0	0	0	0	0	0	0	0	0	0	3	0	0
5a85c3daf7b472b6377793e57e0f5c9e	0	0	0	0	0	0	0	0	0	0	0	0	0	0	0	0	0	0	0	0	0	0	0	0	0	0	0	0	0	0	0	0	0	3	0	0
ece8133e004a7d0e8d790d4e1c986857	0	0	0	0	0	0	0	0	0	0	0	0	0	0	0	0	0	0	0	0	0	0	0	0	0	0	0	0	0	0	0	0	0	3	0	0
5dd78a31baed891165844a9717a5a0f8	0	0	0	0	0	0	0	0	0	0	0	0	0	0	0	0	0	0	0	0	0	0	0	0	0	0	0	0	0	0	0	0	0	0	3	0
11060c8a148c0447090e7851365067d9	0	0	0	0	0	0	0	0	0	0	0	0	0	0	0	0	0	0	0	0	0	0	0	0	0	0	0	0	0	0	0	0	0	0	0	3
5fd44bd7efaf9f841fc03a7cc89319ad	0	0	0	0	0	0	0	0	0	0	0	0	0	0	0	0	0	0	0	0	0	0	0	0	0	0	0	0	0	0	0	0	0	0	0	3
26a90e103be13c259cd02a57bd9b8cf0	0	0	0	0	0	0	0	0	0	0	0	0	0	0	0	0	0	0	0	0	0	0	0	0	0	0	0	0	0	0	0	0	0	0	0	3
aad5e0352a06680ebadea06ae065228d	0	0	0	0	0	0	0	0	0	0	0	0	0	0	0	0	0	0	0	0	0	0	0	0	0	0	0	0	0	0	0	0	0	0	0	3
ffb46f081a204aaddbed26176d7a2142	0	0	0	0	0	0	0	0	0	0	0	0	0	0	0	0	0	0	0	0	0	0	0	0	0	0	0	0	0	0	0	0	0	0	0	3
2f13af52cefca90ed1ddfce5681a67da	0	0	0	0	0	0	0	0	0	0	0	0	0	0	0	0	0	0	0	0	0	0	0	0	0	0	0	0	0	0	0	0	0	0	0	3
ecd0e3879fc50a39023359b3631f628c	0	0	0	0	0	0	0	0	0	0	0	0	0	0	0	0	0	0	0	0	0	0	0	0	0	0	0	0	0	0	0	0	0	0	0	3
0b50e85b65d32b9175bcf3c81a41a441	0	0	0	0	0	0	0	0	0	0	0	0	0	0	0	0	0	0	0	0	0	0	0	0	0	0	0	0	0	0	0	0	0	0	0	3
2b581809cd75c114f2d22fe2b311b1d4	0	0	0	0	0	0	0	0	0	0	0	0	0	0	0	0	0	0	0	0	0	0	0	0	0	0	0	0	0	0	0	0	0	0	0	3
88314e10e1790ba3defe3965d57df2f6	0	0	0	0	0	0	0	0	0	0	0	0	0	0	0	0	0	0	0	0	0	0	0	0	0	0	0	0	0	0	0	0	0	0	0	3
7294abc43b08882fc2043f8fa1c88cb3	0	0	0	0	0	0	2	0	0	0	0	0	0	0	0	0	0	0	0	0	0	0	0	0	0	0	0	0	0	0	0	0	0	0	0	0
561080808daa1fefa19bdd09c43dae78	0	0	0	0	0	0	2	0	0	0	0	0	0	0	0	0	0	0	0	0	0	0	0	0	0	0	0	0	0	0	0	0	0	0	0	0
5b5fc41e4def55055e7e165fecdfc4f1	0	0	0	0	0	0	2	0	0	0	0	0	0	0	0	0	0	0	0	0	0	0	0	0	0	0	0	0	0	0	0	0	0	0	0	0
ee498bb430bff8399a169a583391dbf2	0	0	0	0	0	0	2	0	0	0	0	0	0	0	0	0	0	0	0	0	0	0	0	0	0	0	0	0	0	0	0	0	0	0	0	0
4acfba1ef983ec4e18da8a68d5567b91	0	0	0	0	0	0	2	0	0	0	0	0	0	0	0	0	0	0	0	0	0	0	0	0	0	0	0	0	0	0	0	0	0	0	0	0
88062d3765d29fdf4a7b34a5b85db715	0	0	0	0	0	0	2	0	0	0	0	0	0	0	0	0	0	0	0	0	0	0	0	0	0	0	0	0	0	0	0	0	0	0	0	0
a82cea41f218c2b61c053ec5aebf48a1	0	0	0	0	0	0	2	0	0	0	0	0	0	0	0	0	0	0	0	0	0	0	0	0	0	0	0	0	0	0	0	0	0	0	0	0
b0c2aa9e3fa08420af1a595377288abe	0	0	0	0	0	0	2	0	0	0	0	0	0	0	0	0	0	0	0	0	0	0	0	0	0	0	0	0	0	0	0	0	0	0	0	0
bf36dfd64548b9c44b076d4ffd23b8f8	0	0	0	0	0	0	2	0	0	0	0	0	0	0	0	0	0	0	0	0	0	0	0	0	0	0	0	0	0	0	0	0	0	0	0	0
38f365b050c548b90b4c6fbf31cbcb4c	0	0	0	0	0	0	2	0	0	0	0	0	0	0	0	0	0	0	0	0	0	0	0	0	0	0	0	0	0	0	0	0	0	0	0	0
f94fabc122796750712661640a81e7bb	0	0	0	0	0	0	2	0	0	0	0	0	0	0	0	0	0	0	0	0	0	0	0	0	0	0	0	0	0	0	0	0	0	0	0	0
af82e295bbcac547971a40908eb758a9	0	0	0	0	0	0	2	0	0	0	0	0	0	0	0	0	0	0	0	0	0	0	0	0	0	0	0	0	0	0	0	0	0	0	0	0
cc38a589edcb53a04341e043c8de0a25	0	0	0	0	0	0	0	2	0	0	0	0	0	0	0	0	0	0	0	0	0	0	0	0	0	0	0	0	0	0	0	0	0	0	0	0
bbded929d0a9340104e5d4166504db4e	0	0	0	0	0	0	0	2	0	0	0	0	0	0	0	0	0	0	0	0	0	0	0	0	0	0	0	0	0	0	0	0	0	0	0	0
dada98173a9d0b48e30800dbf3e16628	0	0	0	0	0	0	0	2	0	0	0	0	0	0	0	0	0	0	0	0	0	0	0	0	0	0	0	0	0	0	0	0	0	0	0	0
032cb59f37c60cf780ca4a426ef2f44c	0	0	0	0	0	0	0	2	0	0	0	0	0	0	0	0	0	0	0	0	0	0	0	0	0	0	0	0	0	0	0	0	0	0	0	0
d0ec34dbfb350b13b941d51df55d392e	0	0	0	0	0	0	0	0	2	0	0	0	0	0	0	0	0	0	0	0	0	0	0	0	0	0	0	0	0	0	0	0	0	0	0	0
0fd0f2c9df7e7d649686e1921c36d354	0	0	0	0	0	0	0	0	2	0	0	0	0	0	0	0	0	0	0	0	0	0	0	0	0	0	0	0	0	0	0	0	0	0	0	0
e70ddebb91dd19649e91ce3a382a2f08	0	0	0	0	0	0	0	0	2	0	0	0	0	0	0	0	0	0	0	0	0	0	0	0	0	0	0	0	0	0	0	0	0	0	0	0
f831897fd92d76cde9bb8229838928e0	0	0	0	0	0	0	0	0	2	0	0	0	0	0	0	0	0	0	0	0	0	0	0	0	0	0	0	0	0	0	0	0	0	0	0	0
25b0d33cf3ceb94665ffb93b21d54d26	0	0	0	0	0	0	0	0	2	0	0	0	0	0	0	0	0	0	0	0	0	0	0	0	0	0	0	0	0	0	0	0	0	0	0	0
09cef7f5bd13c036fea616b3da72375a	0	0	0	0	0	0	0	0	2	0	0	0	0	0	0	0	0	0	0	0	0	0	0	0	0	0	0	0	0	0	0	0	0	0	0	0
c1c49a58bd020abc411ec9de29a969db	0	0	0	0	0	0	0	0	0	0	2	0	0	0	0	0	0	0	0	0	0	0	0	0	0	0	0	0	0	0	0	0	0	0	0	0
1ef81998bdf6a2f781f49d8e44d45e16	0	0	0	0	0	0	0	0	0	0	2	0	0	0	0	0	0	0	0	0	0	0	0	0	0	0	0	0	0	0	0	0	0	0	0	0
6a06707410756daea37e5684b1a71582	0	0	0	0	0	0	0	0	0	0	2	0	0	0	0	0	0	0	0	0	0	0	0	0	0	0	0	0	0	0	0	0	0	0	0	0
022ad8e97714db1259070a7dd5786652	0	0	0	0	0	0	0	0	0	0	2	0	0	0	0	0	0	0	0	0	0	0	0	0	0	0	0	0	0	0	0	0	0	0	0	0
2ce554a69bee2e835d7ac4d66a5677b6	0	0	0	0	0	0	0	0	0	0	2	0	0	0	0	0	0	0	0	0	0	0	0	0	0	0	0	0	0	0	0	0	0	0	0	0
40535f0aca1e02bad30b0d3656130b74	0	0	0	0	0	0	0	0	0	0	2	0	0	0	0	0	0	0	0	0	0	0	0	0	0	0	0	0	0	0	0	0	0	0	0	0
7ed4614e227c80806c2a5fd66fb96d9a	0	0	0	0	0	0	0	0	0	0	2	0	0	0	0	0	0	0	0	0	0	0	0	0	0	0	0	0	0	0	0	0	0	0	0	0
ff2adcc793cf8f87659753144e1af5cf	0	0	0	0	0	0	0	0	0	0	2	0	0	0	0	0	0	0	0	0	0	0	0	0	0	0	0	0	0	0	0	0	0	0	0	0
2afb093456035879496903e42f9b7585	0	0	0	0	0	0	0	0	0	0	0	2	0	0	0	0	0	0	0	0	0	0	0	0	0	0	0	0	0	0	0	0	0	0	0	0
8cc213fad25a13b5addedde6f258d700	0	0	0	0	0	0	0	0	0	0	0	0	2	0	0	0	0	0	0	0	0	0	0	0	0	0	0	0	0	0	0	0	0	0	0	0
d5c77f7d5a2177b7c16c6c1934f1f258	0	0	0	0	0	0	0	0	0	0	0	0	0	2	0	0	0	0	0	0	0	0	0	0	0	0	0	0	0	0	0	0	0	0	0	0
53ef10be994e6e6d2c4ed30715850e20	0	0	0	0	0	0	0	0	0	0	0	0	0	2	0	0	0	0	0	0	0	0	0	0	0	0	0	0	0	0	0	0	0	0	0	0
01df37e20da6c0b137b3fe6fc56b9ae4	0	0	0	0	0	0	0	0	0	0	0	0	0	2	0	0	0	0	0	0	0	0	0	0	0	0	0	0	0	0	0	0	0	0	0	0
cc8e55e6d07b9f6ba305fa36414393c2	0	0	0	0	0	0	0	0	0	0	0	0	0	2	0	0	0	0	0	0	0	0	0	0	0	0	0	0	0	0	0	0	0	0	0	0
42dba0a86c708be881e5a97b57c54470	0	0	0	0	0	0	0	0	0	0	0	0	0	2	0	0	0	0	0	0	0	0	0	0	0	0	0	0	0	0	0	0	0	0	0	0
c4d862bbcc1d9434d44add96e0a0456e	0	0	0	0	0	0	0	0	0	0	0	0	0	2	0	0	0	0	0	0	0	0	0	0	0	0	0	0	0	0	0	0	0	0	0	0
219f94e203a6fb5312c49d330050609d	0	0	0	0	0	0	0	0	0	0	0	0	0	2	0	0	0	0	0	0	0	0	0	0	0	0	0	0	0	0	0	0	0	0	0	0
5d2137222dd98ed25bde5b62380c52cf	0	0	0	0	0	0	0	0	0	0	0	0	0	2	0	0	0	0	0	0	0	0	0	0	0	0	0	0	0	0	0	0	0	0	0	0
e81615307f76ba308766c8e72f16372a	0	0	0	0	0	0	0	0	0	0	0	0	0	2	0	0	0	0	0	0	0	0	0	0	0	0	0	0	0	0	0	0	0	0	0	0
c6768460a7c6d2bc761a1a99e56bcab6	0	0	0	0	0	0	0	0	0	0	0	0	0	2	0	0	0	0	0	0	0	0	0	0	0	0	0	0	0	0	0	0	0	0	0	0
c45b69bb92940bba5e9681bf4e8495c9	0	0	0	0	0	0	0	0	0	0	0	0	0	2	0	0	0	0	0	0	0	0	0	0	0	0	0	0	0	0	0	0	0	0	0	0
2ed5d679b96dae719b889337acc565d0	0	0	0	0	0	0	0	0	0	0	0	0	0	0	2	0	0	0	0	0	0	0	0	0	0	0	0	0	0	0	0	0	0	0	0	0
34244f46ca2dbc7e4f45efefd6ee8dce	0	0	0	0	0	0	0	0	0	0	0	0	0	0	2	0	0	0	0	0	0	0	0	0	0	0	0	0	0	0	0	0	0	0	0	0
b89e37023193cc3d9a1d01611d524d3a	0	0	0	0	0	0	0	0	0	0	0	0	0	0	0	2	0	0	0	0	0	0	0	0	0	0	0	0	0	0	0	0	0	0	0	0
ae81ac64d6b08444a4d93fb525295ae9	0	0	0	0	0	0	0	0	0	0	0	0	0	0	0	0	2	0	0	0	0	0	0	0	0	0	0	0	0	0	0	0	0	0	0	0
28b00a690e684c6e3000a61607497c87	0	0	0	0	0	0	0	0	0	0	0	0	0	0	0	0	0	2	0	0	0	0	0	0	0	0	0	0	0	0	0	0	0	0	0	0
99a28d59eb5468bc0894e0ea3a9bb91b	0	0	0	0	0	0	0	0	0	0	0	0	0	0	0	0	0	2	0	0	0	0	0	0	0	0	0	0	0	0	0	0	0	0	0	0
5b40c99a25cf6c5460f07cf693d277da	0	0	0	0	0	0	0	0	0	0	0	0	0	0	0	0	0	2	0	0	0	0	0	0	0	0	0	0	0	0	0	0	0	0	0	0
ee8371b017a16ef6e305d333ccf0280c	0	0	0	0	0	0	0	0	0	0	0	0	0	0	0	0	0	2	0	0	0	0	0	0	0	0	0	0	0	0	0	0	0	0	0	0
2f6d30a1bcc479ccf0c24b3e26c97664	0	0	0	0	0	0	0	0	0	0	0	0	0	0	0	0	0	2	0	0	0	0	0	0	0	0	0	0	0	0	0	0	0	0	0	0
8beb694c412d6b64956b2360ced7069e	0	0	0	0	0	0	0	0	0	0	0	0	0	0	0	0	0	2	0	0	0	0	0	0	0	0	0	0	0	0	0	0	0	0	0	0
de288922a3795f12f2c2be49662cc0e7	0	0	0	0	0	0	0	0	0	0	0	0	0	0	0	0	0	2	0	0	0	0	0	0	0	0	0	0	0	0	0	0	0	0	0	0
cbec88a5b6428138ab2c33fdec6be3b9	0	0	0	0	0	0	0	0	0	0	0	0	0	0	0	0	0	2	0	0	0	0	0	0	0	0	0	0	0	0	0	0	0	0	0	0
11b0b943997b2ef20e208c4efadfc7ac	0	0	0	0	0	0	0	0	0	0	0	0	0	0	0	0	0	2	0	0	0	0	0	0	0	0	0	0	0	0	0	0	0	0	0	0
f64efede9aba61e69ec7cc600ce08f6e	0	0	0	0	0	0	0	0	0	0	0	0	0	0	0	0	0	2	0	0	0	0	0	0	0	0	0	0	0	0	0	0	0	0	0	0
1d132bc5f188ed4eb297e134bfd2f55b	0	0	0	0	0	0	0	0	0	0	0	0	0	0	0	0	0	2	0	0	0	0	0	0	0	0	0	0	0	0	0	0	0	0	0	0
32ceece60d46466f4d71d620f3dadf99	0	0	0	0	0	0	0	0	0	0	0	0	0	0	0	0	0	2	0	0	0	0	0	0	0	0	0	0	0	0	0	0	0	0	0	0
18fbfaad1ceb606e4860b06db523ff14	0	0	0	0	0	0	0	0	0	0	0	0	0	0	0	0	0	2	0	0	0	0	0	0	0	0	0	0	0	0	0	0	0	0	0	0
b7ab6add31284dbed5487059e0531b7e	0	0	0	0	0	0	0	0	0	0	0	0	0	0	0	0	0	2	0	0	0	0	0	0	0	0	0	0	0	0	0	0	0	0	0	0
cbf57aa8751e19ed8ed45c1a094ed1f3	0	0	0	0	0	0	0	0	0	0	0	0	0	0	0	0	0	0	0	0	2	0	0	0	0	0	0	0	0	0	0	0	0	0	0	0
41391640064aae4d475d9446ac61601c	0	0	0	0	0	0	0	0	0	0	0	0	0	0	0	0	0	0	0	0	2	0	0	0	0	0	0	0	0	0	0	0	0	0	0	0
fadceadf9f9dd58b13dfa827b90fad0d	0	0	0	0	0	0	0	0	0	0	0	0	0	0	0	0	0	0	0	0	0	2	0	0	0	0	0	0	0	0	0	0	0	0	0	0
f0236393f5d34018bf7e0ae4e949a363	0	0	0	0	0	0	0	0	0	0	0	0	0	0	0	0	0	0	0	0	0	2	0	0	0	0	0	0	0	0	0	0	0	0	0	0
817c29664c429b7748f9c530e81dfdcd	0	0	0	0	0	0	0	0	0	0	0	0	0	0	0	0	0	0	0	0	0	2	0	0	0	0	0	0	0	0	0	0	0	0	0	0
33c0da56565ee559dffc9bb859a14096	0	0	0	0	0	0	0	0	0	0	0	0	0	0	0	0	0	0	0	0	0	2	0	0	0	0	0	0	0	0	0	0	0	0	0	0
c85055b78945eb6958b46ad9d42bcb97	0	0	0	0	0	0	0	0	0	0	0	0	0	0	0	0	0	0	0	0	0	2	0	0	0	0	0	0	0	0	0	0	0	0	0	0
5cc428d3e00e4e9b77d7f4fb3f7f91d7	0	0	0	0	0	0	0	0	0	0	0	0	0	0	0	0	0	0	0	0	0	2	0	0	0	0	0	0	0	0	0	0	0	0	0	0
793289b7f89e55f4c35f47258b0c855e	0	0	0	0	0	0	0	0	0	0	0	0	0	0	0	0	0	0	0	0	0	0	2	0	0	0	0	0	0	0	0	0	0	0	0	0
5a717af495acad3a4fdc1d3a024bda4f	0	0	0	0	0	0	0	0	0	0	0	0	0	0	0	0	0	0	0	0	0	0	2	0	0	0	0	0	0	0	0	0	0	0	0	0
1b5e8c2acc70b6d9ab014bc23b0bc284	0	0	0	0	0	0	0	0	0	0	0	0	0	0	0	0	0	0	0	0	0	0	2	0	0	0	0	0	0	0	0	0	0	0	0	0
47ab89bfd8d1901edc66e24aff819d4d	0	0	0	0	0	0	0	0	0	0	0	0	0	0	0	0	0	0	0	0	0	0	2	0	0	0	0	0	0	0	0	0	0	0	0	0
e2ce6244ea44f012b45edba31bbd92d4	0	0	0	0	0	0	0	0	0	0	0	0	0	0	0	0	0	0	0	0	0	0	2	0	0	0	0	0	0	0	0	0	0	0	0	0
25f53abaacc7d373d4a15a0763f6fff5	0	0	0	0	0	0	0	0	0	0	0	0	0	0	0	0	0	0	0	0	0	0	2	0	0	0	0	0	0	0	0	0	0	0	0	0
c0b79cff9e4a73059ea679ee889b0b36	0	0	0	0	0	0	0	0	0	0	0	0	0	0	0	0	0	0	0	0	0	0	2	0	0	0	0	0	0	0	0	0	0	0	0	0
271df9ae24fcc85335ab3376c7bd30cb	0	0	0	0	0	0	0	0	0	0	0	0	0	0	0	0	0	0	0	0	0	0	2	0	0	0	0	0	0	0	0	0	0	0	0	0
90a5ac0917de5d85f1f8bd2e6ce0a8c8	0	0	0	0	0	0	0	0	0	0	0	0	0	0	0	0	0	0	0	0	0	0	2	0	0	0	0	0	0	0	0	0	0	0	0	0
4c46ffbfd1280e370ddd2ad21f4212d0	0	0	0	0	0	0	0	0	0	0	0	0	0	0	0	0	0	0	0	0	0	0	2	0	0	0	0	0	0	0	0	0	0	0	0	0
525a19005c08ce896ca19af26c31d0b5	0	0	0	0	0	0	0	0	0	0	0	0	0	0	0	0	0	0	0	0	0	0	2	0	0	0	0	0	0	0	0	0	0	0	0	0
75a0b0ed8bb7f9e00a4b72a07131fe4b	0	0	0	0	0	0	0	0	0	0	0	0	0	0	0	0	0	0	0	0	0	0	2	0	0	0	0	0	0	0	0	0	0	0	0	0
67b8a18c966e56f0b8c433d4f5330ca3	0	0	0	0	0	0	0	0	0	0	0	0	0	0	0	0	0	0	0	0	0	0	2	0	0	0	0	0	0	0	0	0	0	0	0	0
0ff90671085c348401a356e78f18baf6	0	0	0	0	0	0	0	0	0	0	0	0	0	0	0	0	0	0	0	0	0	0	0	0	2	0	0	0	0	0	0	0	0	0	0	0
95d7c671ec39b40b71983bd4e39cbd9b	0	0	0	0	0	0	0	0	0	0	0	0	0	0	0	0	0	0	0	0	0	0	0	0	2	0	0	0	0	0	0	0	0	0	0	0
c8543d2a443a1a33a2c13592ad432bc7	0	0	0	0	0	0	0	0	0	0	0	0	0	0	0	0	0	0	0	0	0	0	0	0	2	0	0	0	0	0	0	0	0	0	0	0
1b8fca449a1f6d662e7c9587be1c8e1d	0	0	0	0	0	0	0	0	0	0	0	0	0	0	0	0	0	0	0	0	0	0	0	0	2	0	0	0	0	0	0	0	0	0	0	0
66d7d8fbe5bee38fb29ae1f439d0b5c3	0	0	0	0	0	0	0	0	0	0	0	0	0	0	0	0	0	0	0	0	0	0	0	0	0	2	0	0	0	0	0	0	0	0	0	0
8a6ea1ae288a438df334d398bcc6e7c5	0	0	0	0	0	0	0	0	0	0	0	0	0	0	0	0	0	0	0	0	0	0	0	0	0	0	2	0	0	0	0	0	0	0	0	0
f93cbc445c1623b35b8c4451941203f6	0	0	0	0	0	0	0	0	0	0	0	0	0	0	0	0	0	0	0	0	0	0	0	0	0	0	0	2	0	0	0	0	0	0	0	0
6487c1e665c3a556bf0a5bf1ef66047f	0	0	0	0	0	0	0	0	0	0	0	0	0	0	0	0	0	0	0	0	0	0	0	0	0	0	0	2	0	0	0	0	0	0	0	0
884dcdbc9c6675c4698e465e3572df22	0	0	0	0	0	0	0	0	0	0	0	0	0	0	0	0	0	0	0	0	0	0	0	0	0	0	0	2	0	0	0	0	0	0	0	0
a4615c0e5a1aef238054dd8e3275be6a	0	0	0	0	0	0	0	0	0	0	0	0	0	0	0	0	0	0	0	0	0	0	0	0	0	0	0	2	0	0	0	0	0	0	0	0
cfb9d3842b74a190e187fe7cacc1c974	0	0	0	0	0	0	0	0	0	0	0	0	0	0	0	0	0	0	0	0	0	0	0	0	0	0	0	2	0	0	0	0	0	0	0	0
4dc8554499abcf7d6818c306d32e4ac9	0	0	0	0	0	0	0	0	0	0	0	0	0	0	0	0	0	0	0	0	0	0	0	0	0	0	0	2	0	0	0	0	0	0	0	0
e6d32e21276b68570f5a37d8d0e172ea	0	0	0	0	0	0	0	0	0	0	0	0	0	0	0	0	0	0	0	0	0	0	0	0	0	0	0	2	0	0	0	0	0	0	0	0
23b662686d659a9c887ab33c91c71a0a	0	0	0	0	0	0	0	0	0	0	0	0	0	0	0	0	0	0	0	0	0	0	0	0	0	0	0	2	0	0	0	0	0	0	0	0
88b019ac184456b6aaa86af27ca8c4bf	0	0	0	0	0	0	0	0	0	0	0	0	0	0	0	0	0	0	0	0	0	0	0	0	0	0	0	0	0	2	0	0	0	0	0	0
9063cf35f73fa215f641c64925fcd8b6	0	0	0	0	0	0	0	0	0	0	0	0	0	0	0	0	0	0	0	0	0	0	0	0	0	0	0	0	0	0	2	0	0	0	0	0
12228ba809a8b7c2dabe34b3ea531145	0	0	0	0	0	0	0	0	0	0	0	0	0	0	0	0	0	0	0	0	0	0	0	0	0	0	0	0	0	0	2	0	0	0	0	0
b7f5af401f678ffbe9f7299cfa59e3bf	0	0	0	0	0	0	0	0	0	0	0	0	0	0	0	0	0	0	0	0	0	0	0	0	0	0	0	0	0	0	2	0	0	0	0	0
7bd6a1375214196f29d11c77740f7df5	0	0	0	0	0	0	0	0	0	0	0	0	0	0	0	0	0	0	0	0	0	0	0	0	0	0	0	0	0	0	2	0	0	0	0	0
a42af6d197cd2857bf7928a0c3f91b02	0	0	0	0	0	0	0	0	0	0	0	0	0	0	0	0	0	0	0	0	0	0	0	0	0	0	0	0	0	0	0	2	0	0	0	0
98dc3f1416f0a46edcd4f64e0be567fa	0	0	0	0	0	0	0	0	0	0	0	0	0	0	0	0	0	0	0	0	0	0	0	0	0	0	0	0	0	0	0	0	0	2	0	0
1d77ec185d83735810cd5aa6886ebcc9	0	0	0	0	0	0	0	0	0	0	0	0	0	0	0	0	0	0	0	0	0	0	0	0	0	0	0	0	0	0	0	0	0	2	0	0
5fdcf6fe7ad890ed6bac4ccfa71f98dc	0	0	0	0	0	0	0	0	0	0	0	0	0	0	0	0	0	0	0	0	0	0	0	0	0	0	0	0	0	0	0	0	0	2	0	0
2fe4c2e27b4f48c6aad58744514d5101	0	0	0	0	0	0	0	0	0	0	0	0	0	0	0	0	0	0	0	0	0	0	0	0	0	0	0	0	0	0	0	0	0	2	0	0
5a225af2a39189131785072f6039695f	0	0	0	0	0	0	0	0	0	0	0	0	0	0	0	0	0	0	0	0	0	0	0	0	0	0	0	0	0	0	0	0	0	2	0	0
327f60457cea26e6faaedf88c5f63fe0	0	0	0	0	0	0	0	0	0	0	0	0	0	0	0	0	0	0	0	0	0	0	0	0	0	0	0	0	0	0	0	0	0	2	0	0
8fc60145df9764ae8efb816f5bb8abcd	0	0	0	0	0	0	0	0	0	0	0	0	0	0	0	0	0	0	0	0	0	0	0	0	0	0	0	0	0	0	0	0	0	2	0	0
ca87a8406091223515c67312c6cce880	0	0	0	0	0	0	0	0	0	0	0	0	0	0	0	0	0	0	0	0	0	0	0	0	0	0	0	0	0	0	0	0	0	2	0	0
cd7bd8973fc742650bccd69f6dcb8c60	0	0	0	0	0	0	0	0	0	0	0	0	0	0	0	0	0	0	0	0	0	0	0	0	0	0	0	0	0	0	0	0	0	2	0	0
dbd500ec9c52f7173d2f8b962c889f0a	0	0	0	0	0	0	0	0	0	0	0	0	0	0	0	0	0	0	0	0	0	0	0	0	0	0	0	0	0	0	0	0	0	2	0	0
41f85a610670abcf57991315a158f606	0	0	0	0	0	0	0	0	0	0	0	0	0	0	0	0	0	0	0	0	0	0	0	0	0	0	0	0	0	0	0	0	0	2	0	0
09f665f8f2407df3da024ac939f19c25	0	0	0	0	0	0	0	0	0	0	0	0	0	0	0	0	0	0	0	0	0	0	0	0	0	0	0	0	0	0	0	0	0	2	0	0
2df855ea96cb470e793975d8afef5831	0	0	0	0	0	0	0	0	0	0	0	0	0	0	0	0	0	0	0	0	0	0	0	0	0	0	0	0	0	0	0	0	0	0	2	0
ecd75b6f3759d479f06e1fe53192f1a6	0	0	0	0	0	0	0	0	0	0	0	0	0	0	0	0	0	0	0	0	0	0	0	0	0	0	0	0	0	0	0	0	0	0	2	0
641c4c1078dea40235c116ad85c87da3	0	0	0	0	0	0	0	0	0	0	0	0	0	0	0	0	0	0	0	0	0	0	0	0	0	0	0	0	0	0	0	0	0	0	2	0
5ecc7a81f01666876c72ebdd7d7abe71	0	0	0	0	0	0	0	0	0	0	0	0	0	0	0	0	0	0	0	0	0	0	0	0	0	0	0	0	0	0	0	0	0	0	0	2
9b326b65e833f42231bd22a5d6f5ffcf	0	0	0	0	0	0	0	0	0	0	0	0	0	0	0	0	0	0	0	0	0	0	0	0	0	0	0	0	0	0	0	0	0	0	0	2
a0e409c85f36e4a31ba22ff033860aa2	0	0	0	0	0	0	0	0	0	0	0	0	0	0	0	0	0	0	0	0	0	0	0	0	0	0	0	0	0	0	0	0	0	0	0	2
c108dc8b540926e8788cd793eb13de69	0	0	0	0	0	0	0	0	0	0	0	0	0	0	0	0	0	0	0	0	0	0	0	0	0	0	0	0	0	0	0	0	0	0	0	2
93743e152ea683a7ea79f809aa4c00c1	0	0	0	0	0	0	0	0	0	0	0	0	0	0	0	0	0	0	0	0	0	0	0	0	0	0	0	0	0	0	0	0	0	0	0	2
d4b69422fde9d3470cd29bafebe839c2	0	0	0	0	0	0	0	0	0	0	0	0	0	0	0	0	0	0	0	0	0	0	0	0	0	0	0	0	0	0	0	0	0	0	0	2
3526a2d64992acf28c620de4bc17c9c3	0	0	0	0	0	0	0	0	0	0	0	0	0	0	0	0	0	0	0	0	0	0	0	0	0	0	0	0	0	0	0	0	0	0	0	2
2f95d04ea965d273cd06e91d6f4f4fb0	0	0	0	0	0	0	0	0	0	0	0	0	0	0	0	0	0	0	0	0	0	0	0	0	0	0	0	0	0	0	0	0	0	0	0	2
fe253ffdba8d683f2601c1bf02de82d6	0	0	0	0	0	0	0	0	0	0	0	0	0	0	0	0	0	0	0	0	0	0	0	0	0	0	0	0	0	0	0	0	0	0	0	2
5bc2d5bea3cb6de680da2fe29cce055c	0	0	0	0	0	0	0	0	0	0	0	0	0	0	0	0	0	0	0	0	0	0	0	0	0	0	0	0	0	0	0	0	0	0	0	2
066bb87c5e9b7afa82fdce089bd67cdf	0	0	0	0	0	0	0	0	0	0	0	0	0	0	0	0	0	0	0	0	0	0	0	0	0	0	0	0	0	0	0	0	0	0	0	2
f20bfc54ef1e8b42b82f503a54fb83df	0	0	0	0	0	0	0	0	0	0	0	0	0	0	0	0	0	0	0	0	0	0	0	0	0	0	0	0	0	0	0	0	0	0	0	2
6378182ba7da5dc3f70c7c83e8433672	0	0	0	0	0	0	0	0	0	0	0	0	0	0	0	0	0	0	0	0	0	0	0	0	0	0	0	0	0	0	0	0	0	0	0	2
23f77554ffdf8c944291712fbaa07b19	0	0	0	0	0	0	0	0	0	0	0	0	0	0	0	0	0	0	0	0	0	0	0	0	0	0	0	0	0	0	0	0	0	0	0	2
144eee81ed0c8726c3e08a3db09c74b1	0	0	0	0	0	0	0	0	0	0	0	0	0	0	0	0	0	0	0	0	0	0	0	0	0	0	0	0	0	0	0	0	0	0	0	2
