==> 16S pipeline starting at Tue May 19 01:00:28 AST 2026
    Threads: 14  Project: /root/kohl_v1
==> [1/12] Importing PE fastqs
Imported /root/kohl_v1/meta/manifest_16s.tsv as PairedEndFastqManifestPhred33V2 to demux.qza
Saved Visualization to: demux.qzv
==> [2/12] Cutadapt: trimming 515F/806R primers
This is cutadapt 5.2 with Python 3.12.13
Command line parameters: -u 0 --error-rate 0.1 --times 1 --overlap 3 --minimum-length 1 -q 0,0 --quality-base 33 --cores 14 -o /tmp/qiime2/root/processes/2263566-1779166962.1@root/tmp/rachis-OutPath-94iiqdiw/Blank1_0_L001_R1_001.fastq.gz -p /tmp/qiime2/root/processes/2263566-1779166962.1@root/tmp/rachis-OutPath-94iiqdiw/Blank1_36_L001_R2_001.fastq.gz --front GTGYCAGCMGCCGCGGTAA -G GGACTACNVGGGTWTCTAAT -U 0 --discard-untrimmed /tmp/qiime2/root/data/509177b1-aa9b-4512-b4b2-9a3fd46d8cc1/data/Blank1_0_L001_R1_001.fastq.gz /tmp/qiime2/root/data/509177b1-aa9b-4512-b4b2-9a3fd46d8cc1/data/Blank1_36_L001_R2_001.fastq.gz
Processing paired-end reads on 14 cores ...

=== Summary ===

Total read pairs processed:                187
  Read 1 with adapter:                     148 (79.1%)
  Read 2 with adapter:                     136 (72.7%)

== Read fate breakdown ==
Pairs that were too short:                   0 (0.0%)
Pairs discarded as untrimmed:               52 (27.8%)
Pairs written (passing filters):           135 (72.2%)

Total basepairs processed:        93,874 bp
  Read 1:        46,937 bp
  Read 2:        46,937 bp
Quality-trimmed:                       0 bp (0.0%)
  Read 1:             0 bp
  Read 2:             0 bp
Total written (filtered):         62,503 bp (66.6%)
  Read 1:        31,318 bp
  Read 2:        31,185 bp

=== First read: Adapter 1 ===

Sequence: GTGYCAGCMGCCGCGGTAA; Type: regular 5'; Length: 19; Trimmed: 148 times

Minimum overlap: 3
No. of allowed errors:
1-9 bp: 0; 10-19 bp: 1

Overview of removed sequences
length	count	expect	max.err	error counts
19	146	0.0	1	141 5
20	2	0.0	1	2


=== Second read: Adapter 2 ===

Sequence: GGACTACNVGGGTWTCTAAT; Type: regular 5'; Length: 20; Trimmed: 136 times

Minimum overlap: 3
No. of allowed errors:
1-9 bp: 0; 10-19 bp: 1

Overview of removed sequences
length	count	expect	max.err	error counts
3	1	2.9	0	1
20	135	0.0	1	131 4
This is cutadapt 5.2 with Python 3.12.13
Command line parameters: -u 0 --error-rate 0.1 --times 1 --overlap 3 --minimum-length 1 -q 0,0 --quality-base 33 --cores 14 -o /tmp/qiime2/root/processes/2263566-1779166962.1@root/tmp/rachis-OutPath-94iiqdiw/Blank2_1_L001_R1_001.fastq.gz -p /tmp/qiime2/root/processes/2263566-1779166962.1@root/tmp/rachis-OutPath-94iiqdiw/Blank2_37_L001_R2_001.fastq.gz --front GTGYCAGCMGCCGCGGTAA -G GGACTACNVGGGTWTCTAAT -U 0 --discard-untrimmed /tmp/qiime2/root/data/509177b1-aa9b-4512-b4b2-9a3fd46d8cc1/data/Blank2_1_L001_R1_001.fastq.gz /tmp/qiime2/root/data/509177b1-aa9b-4512-b4b2-9a3fd46d8cc1/data/Blank2_37_L001_R2_001.fastq.gz
Processing paired-end reads on 14 cores ...

=== Summary ===

Total read pairs processed:                 66
  Read 1 with adapter:                      57 (86.4%)
  Read 2 with adapter:                      56 (84.8%)

== Read fate breakdown ==
Pairs that were too short:                   0 (0.0%)
Pairs discarded as untrimmed:               10 (15.2%)
Pairs written (passing filters):            56 (84.8%)

Total basepairs processed:        33,132 bp
  Read 1:        16,566 bp
  Read 2:        16,566 bp
Quality-trimmed:                       0 bp (0.0%)
  Read 1:             0 bp
  Read 2:             0 bp
Total written (filtered):         25,930 bp (78.3%)
  Read 1:        12,992 bp
  Read 2:        12,938 bp

=== First read: Adapter 1 ===

Sequence: GTGYCAGCMGCCGCGGTAA; Type: regular 5'; Length: 19; Trimmed: 57 times

Minimum overlap: 3
No. of allowed errors:
1-9 bp: 0; 10-19 bp: 1

Overview of removed sequences
length	count	expect	max.err	error counts
19	57	0.0	1	56 1


=== Second read: Adapter 2 ===

Sequence: GGACTACNVGGGTWTCTAAT; Type: regular 5'; Length: 20; Trimmed: 56 times

Minimum overlap: 3
No. of allowed errors:
1-9 bp: 0; 10-19 bp: 1

Overview of removed sequences
length	count	expect	max.err	error counts
19	2	0.0	1	0 2
20	54	0.0	1	53 1
This is cutadapt 5.2 with Python 3.12.13
Command line parameters: -u 0 --error-rate 0.1 --times 1 --overlap 3 --minimum-length 1 -q 0,0 --quality-base 33 --cores 14 -o /tmp/qiime2/root/processes/2263566-1779166962.1@root/tmp/rachis-OutPath-94iiqdiw/Blank3_2_L001_R1_001.fastq.gz -p /tmp/qiime2/root/processes/2263566-1779166962.1@root/tmp/rachis-OutPath-94iiqdiw/Blank3_38_L001_R2_001.fastq.gz --front GTGYCAGCMGCCGCGGTAA -G GGACTACNVGGGTWTCTAAT -U 0 --discard-untrimmed /tmp/qiime2/root/data/509177b1-aa9b-4512-b4b2-9a3fd46d8cc1/data/Blank3_2_L001_R1_001.fastq.gz /tmp/qiime2/root/data/509177b1-aa9b-4512-b4b2-9a3fd46d8cc1/data/Blank3_38_L001_R2_001.fastq.gz
Processing paired-end reads on 14 cores ...

=== Summary ===

Total read pairs processed:                100
  Read 1 with adapter:                      83 (83.0%)
  Read 2 with adapter:                      79 (79.0%)

== Read fate breakdown ==
Pairs that were too short:                   0 (0.0%)
Pairs discarded as untrimmed:               24 (24.0%)
Pairs written (passing filters):            76 (76.0%)

Total basepairs processed:        50,200 bp
  Read 1:        25,100 bp
  Read 2:        25,100 bp
Quality-trimmed:                       0 bp (0.0%)
  Read 1:             0 bp
  Read 2:             0 bp
Total written (filtered):         35,022 bp (69.8%)
  Read 1:        17,463 bp
  Read 2:        17,559 bp

=== First read: Adapter 1 ===

Sequence: GTGYCAGCMGCCGCGGTAA; Type: regular 5'; Length: 19; Trimmed: 83 times

Minimum overlap: 3
No. of allowed errors:
1-9 bp: 0; 10-19 bp: 1

Overview of removed sequences
length	count	expect	max.err	error counts
19	82	0.0	1	77 5
188	1	0.0	1	0 1


=== Second read: Adapter 2 ===

Sequence: GGACTACNVGGGTWTCTAAT; Type: regular 5'; Length: 20; Trimmed: 79 times

Minimum overlap: 3
No. of allowed errors:
1-9 bp: 0; 10-19 bp: 1

Overview of removed sequences
length	count	expect	max.err	error counts
19	3	0.0	1	0 3
20	76	0.0	1	70 6
This is cutadapt 5.2 with Python 3.12.13
Command line parameters: -u 0 --error-rate 0.1 --times 1 --overlap 3 --minimum-length 1 -q 0,0 --quality-base 33 --cores 14 -o /tmp/qiime2/root/processes/2263566-1779166962.1@root/tmp/rachis-OutPath-94iiqdiw/Blank4_3_L001_R1_001.fastq.gz -p /tmp/qiime2/root/processes/2263566-1779166962.1@root/tmp/rachis-OutPath-94iiqdiw/Blank4_39_L001_R2_001.fastq.gz --front GTGYCAGCMGCCGCGGTAA -G GGACTACNVGGGTWTCTAAT -U 0 --discard-untrimmed /tmp/qiime2/root/data/509177b1-aa9b-4512-b4b2-9a3fd46d8cc1/data/Blank4_3_L001_R1_001.fastq.gz /tmp/qiime2/root/data/509177b1-aa9b-4512-b4b2-9a3fd46d8cc1/data/Blank4_39_L001_R2_001.fastq.gz
Processing paired-end reads on 14 cores ...

=== Summary ===

Total read pairs processed:                198
  Read 1 with adapter:                     180 (90.9%)
  Read 2 with adapter:                     179 (90.4%)

== Read fate breakdown ==
Pairs that were too short:                   0 (0.0%)
Pairs discarded as untrimmed:               20 (10.1%)
Pairs written (passing filters):           178 (89.9%)

Total basepairs processed:        99,396 bp
  Read 1:        49,698 bp
  Read 2:        49,698 bp
Quality-trimmed:                       0 bp (0.0%)
  Read 1:             0 bp
  Read 2:             0 bp
Total written (filtered):         82,382 bp (82.9%)
  Read 1:        41,297 bp
  Read 2:        41,085 bp

=== First read: Adapter 1 ===

Sequence: GTGYCAGCMGCCGCGGTAA; Type: regular 5'; Length: 19; Trimmed: 180 times

Minimum overlap: 3
No. of allowed errors:
1-9 bp: 0; 10-19 bp: 1

Overview of removed sequences
length	count	expect	max.err	error counts
3	1	3.1	0	1
18	1	0.0	1	0 1
19	178	0.0	1	169 9


=== Second read: Adapter 2 ===

Sequence: GGACTACNVGGGTWTCTAAT; Type: regular 5'; Length: 20; Trimmed: 179 times

Minimum overlap: 3
No. of allowed errors:
1-9 bp: 0; 10-19 bp: 1

Overview of removed sequences
length	count	expect	max.err	error counts
19	2	0.0	1	2
20	173	0.0	1	166 7
21	3	0.0	1	0 3
52	1	0.0	1	0 1
This is cutadapt 5.2 with Python 3.12.13
Command line parameters: -u 0 --error-rate 0.1 --times 1 --overlap 3 --minimum-length 1 -q 0,0 --quality-base 33 --cores 14 -o /tmp/qiime2/root/processes/2263566-1779166962.1@root/tmp/rachis-OutPath-94iiqdiw/SS004_4_L001_R1_001.fastq.gz -p /tmp/qiime2/root/processes/2263566-1779166962.1@root/tmp/rachis-OutPath-94iiqdiw/SS004_40_L001_R2_001.fastq.gz --front GTGYCAGCMGCCGCGGTAA -G GGACTACNVGGGTWTCTAAT -U 0 --discard-untrimmed /tmp/qiime2/root/data/509177b1-aa9b-4512-b4b2-9a3fd46d8cc1/data/SS004_4_L001_R1_001.fastq.gz /tmp/qiime2/root/data/509177b1-aa9b-4512-b4b2-9a3fd46d8cc1/data/SS004_40_L001_R2_001.fastq.gz
Processing paired-end reads on 14 cores ...

=== Summary ===

Total read pairs processed:             47,911
  Read 1 with adapter:                  46,652 (97.4%)
  Read 2 with adapter:                  46,351 (96.7%)

== Read fate breakdown ==
Pairs that were too short:                   0 (0.0%)
Pairs discarded as untrimmed:            1,781 (3.7%)
Pairs written (passing filters):        46,130 (96.3%)

Total basepairs processed:    24,051,322 bp
  Read 1:    12,025,661 bp
  Read 2:    12,025,661 bp
Quality-trimmed:                       0 bp (0.0%)
  Read 1:             0 bp
  Read 2:             0 bp
Total written (filtered):     21,358,081 bp (88.8%)
  Read 1:    10,702,252 bp
  Read 2:    10,655,829 bp

=== First read: Adapter 1 ===

Sequence: GTGYCAGCMGCCGCGGTAA; Type: regular 5'; Length: 19; Trimmed: 46652 times

Minimum overlap: 3
No. of allowed errors:
1-9 bp: 0; 10-19 bp: 1

Overview of removed sequences
length	count	expect	max.err	error counts
3	9	748.6	0	9
4	8	187.2	0	8
5	1	46.8	0	1
7	2	2.9	0	2
17	6	0.0	1	6
18	169	0.0	1	2 167
19	46341	0.0	1	44193 2148
20	115	0.0	1	21 94
29	1	0.0	1	1


=== Second read: Adapter 2 ===

Sequence: GGACTACNVGGGTWTCTAAT; Type: regular 5'; Length: 20; Trimmed: 46351 times

Minimum overlap: 3
No. of allowed errors:
1-9 bp: 0; 10-19 bp: 1

Overview of removed sequences
length	count	expect	max.err	error counts
3	21	748.6	0	21
4	3	187.2	0	3
5	1	46.8	0	1
6	2	11.7	0	2
12	1	0.0	1	1
14	1	0.0	1	0 1
18	1	0.0	1	0 1
19	352	0.0	1	54 298
20	45848	0.0	1	44403 1445
21	106	0.0	1	31 75
50	1	0.0	1	1
51	1	0.0	1	0 1
52	13	0.0	1	1 12
This is cutadapt 5.2 with Python 3.12.13
Command line parameters: -u 0 --error-rate 0.1 --times 1 --overlap 3 --minimum-length 1 -q 0,0 --quality-base 33 --cores 14 -o /tmp/qiime2/root/processes/2263566-1779166962.1@root/tmp/rachis-OutPath-94iiqdiw/SS007_5_L001_R1_001.fastq.gz -p /tmp/qiime2/root/processes/2263566-1779166962.1@root/tmp/rachis-OutPath-94iiqdiw/SS007_41_L001_R2_001.fastq.gz --front GTGYCAGCMGCCGCGGTAA -G GGACTACNVGGGTWTCTAAT -U 0 --discard-untrimmed /tmp/qiime2/root/data/509177b1-aa9b-4512-b4b2-9a3fd46d8cc1/data/SS007_5_L001_R1_001.fastq.gz /tmp/qiime2/root/data/509177b1-aa9b-4512-b4b2-9a3fd46d8cc1/data/SS007_41_L001_R2_001.fastq.gz
Processing paired-end reads on 14 cores ...

=== Summary ===

Total read pairs processed:             68,211
  Read 1 with adapter:                  66,447 (97.4%)
  Read 2 with adapter:                  65,678 (96.3%)

== Read fate breakdown ==
Pairs that were too short:                   0 (0.0%)
Pairs discarded as untrimmed:            2,862 (4.2%)
Pairs written (passing filters):        65,349 (95.8%)

Total basepairs processed:    34,241,922 bp
  Read 1:    17,120,961 bp
  Read 2:    17,120,961 bp
Quality-trimmed:                       0 bp (0.0%)
  Read 1:             0 bp
  Read 2:             0 bp
Total written (filtered):     30,256,502 bp (88.4%)
  Read 1:    15,161,131 bp
  Read 2:    15,095,371 bp

=== First read: Adapter 1 ===

Sequence: GTGYCAGCMGCCGCGGTAA; Type: regular 5'; Length: 19; Trimmed: 66447 times

Minimum overlap: 3
No. of allowed errors:
1-9 bp: 0; 10-19 bp: 1

Overview of removed sequences
length	count	expect	max.err	error counts
3	30	1065.8	0	30
4	6	266.4	0	6
5	1	66.6	0	1
6	1	16.7	0	1
7	1	4.2	0	1
13	3	0.0	1	3
14	1	0.0	1	1
15	1	0.0	1	0 1
16	2	0.0	1	0 2
17	5	0.0	1	4 1
18	223	0.0	1	14 209
19	66055	0.0	1	63031 3024
20	117	0.0	1	21 96
31	1	0.0	1	1


=== Second read: Adapter 2 ===

Sequence: GGACTACNVGGGTWTCTAAT; Type: regular 5'; Length: 20; Trimmed: 65678 times

Minimum overlap: 3
No. of allowed errors:
1-9 bp: 0; 10-19 bp: 1

Overview of removed sequences
length	count	expect	max.err	error counts
3	33	1065.8	0	33
4	8	266.4	0	8
5	5	66.6	0	5
6	3	16.7	0	3
7	1	4.2	0	1
12	1	0.0	1	1
16	1	0.0	1	0 1
17	2	0.0	1	1 1
18	1	0.0	1	0 1
19	517	0.0	1	41 476
20	64894	0.0	1	62789 2105
21	192	0.0	1	24 168
51	12	0.0	1	1 11
52	8	0.0	1	2 6
This is cutadapt 5.2 with Python 3.12.13
Command line parameters: -u 0 --error-rate 0.1 --times 1 --overlap 3 --minimum-length 1 -q 0,0 --quality-base 33 --cores 14 -o /tmp/qiime2/root/processes/2263566-1779166962.1@root/tmp/rachis-OutPath-94iiqdiw/SS011_6_L001_R1_001.fastq.gz -p /tmp/qiime2/root/processes/2263566-1779166962.1@root/tmp/rachis-OutPath-94iiqdiw/SS011_42_L001_R2_001.fastq.gz --front GTGYCAGCMGCCGCGGTAA -G GGACTACNVGGGTWTCTAAT -U 0 --discard-untrimmed /tmp/qiime2/root/data/509177b1-aa9b-4512-b4b2-9a3fd46d8cc1/data/SS011_6_L001_R1_001.fastq.gz /tmp/qiime2/root/data/509177b1-aa9b-4512-b4b2-9a3fd46d8cc1/data/SS011_42_L001_R2_001.fastq.gz
Processing paired-end reads on 14 cores ...

=== Summary ===

Total read pairs processed:             51,874
  Read 1 with adapter:                  50,576 (97.5%)
  Read 2 with adapter:                  49,975 (96.3%)

== Read fate breakdown ==
Pairs that were too short:                   0 (0.0%)
Pairs discarded as untrimmed:            2,135 (4.1%)
Pairs written (passing filters):        49,739 (95.9%)

Total basepairs processed:    26,040,748 bp
  Read 1:    13,020,374 bp
  Read 2:    13,020,374 bp
Quality-trimmed:                       0 bp (0.0%)
  Read 1:             0 bp
  Read 2:             0 bp
Total written (filtered):     23,029,109 bp (88.4%)
  Read 1:    11,539,565 bp
  Read 2:    11,489,544 bp

=== First read: Adapter 1 ===

Sequence: GTGYCAGCMGCCGCGGTAA; Type: regular 5'; Length: 19; Trimmed: 50576 times

Minimum overlap: 3
No. of allowed errors:
1-9 bp: 0; 10-19 bp: 1

Overview of removed sequences
length	count	expect	max.err	error counts
3	32	810.5	0	32
4	1	202.6	0	1
5	2	50.7	0	2
6	1	12.7	0	1
10	3	0.0	1	2 1
14	4	0.0	1	0 4
15	1	0.0	1	1
16	4	0.0	1	1 3
17	3	0.0	1	2 1
18	171	0.0	1	3 168
19	50237	0.0	1	47915 2322
20	116	0.0	1	27 89
40	1	0.0	1	1


=== Second read: Adapter 2 ===

Sequence: GGACTACNVGGGTWTCTAAT; Type: regular 5'; Length: 20; Trimmed: 49975 times

Minimum overlap: 3
No. of allowed errors:
1-9 bp: 0; 10-19 bp: 1

Overview of removed sequences
length	count	expect	max.err	error counts
3	31	810.5	0	31
4	10	202.6	0	10
6	1	12.7	0	1
11	3	0.0	1	3
15	1	0.0	1	1
17	3	0.0	1	1 2
18	2	0.0	1	0 2
19	343	0.0	1	26 317
20	49439	0.0	1	47686 1753
21	124	0.0	1	15 109
44	2	0.0	1	2
51	11	0.0	1	2 9
52	5	0.0	1	1 4
This is cutadapt 5.2 with Python 3.12.13
Command line parameters: -u 0 --error-rate 0.1 --times 1 --overlap 3 --minimum-length 1 -q 0,0 --quality-base 33 --cores 14 -o /tmp/qiime2/root/processes/2263566-1779166962.1@root/tmp/rachis-OutPath-94iiqdiw/SS016_7_L001_R1_001.fastq.gz -p /tmp/qiime2/root/processes/2263566-1779166962.1@root/tmp/rachis-OutPath-94iiqdiw/SS016_43_L001_R2_001.fastq.gz --front GTGYCAGCMGCCGCGGTAA -G GGACTACNVGGGTWTCTAAT -U 0 --discard-untrimmed /tmp/qiime2/root/data/509177b1-aa9b-4512-b4b2-9a3fd46d8cc1/data/SS016_7_L001_R1_001.fastq.gz /tmp/qiime2/root/data/509177b1-aa9b-4512-b4b2-9a3fd46d8cc1/data/SS016_43_L001_R2_001.fastq.gz
Processing paired-end reads on 14 cores ...

=== Summary ===

Total read pairs processed:             86,419
  Read 1 with adapter:                  84,259 (97.5%)
  Read 2 with adapter:                  83,621 (96.8%)

== Read fate breakdown ==
Pairs that were too short:                   0 (0.0%)
Pairs discarded as untrimmed:            3,163 (3.7%)
Pairs written (passing filters):        83,256 (96.3%)

Total basepairs processed:    43,382,338 bp
  Read 1:    21,691,169 bp
  Read 2:    21,691,169 bp
Quality-trimmed:                       0 bp (0.0%)
  Read 1:             0 bp
  Read 2:             0 bp
Total written (filtered):     38,548,007 bp (88.9%)
  Read 1:    19,315,556 bp
  Read 2:    19,232,451 bp

=== First read: Adapter 1 ===

Sequence: GTGYCAGCMGCCGCGGTAA; Type: regular 5'; Length: 19; Trimmed: 84259 times

Minimum overlap: 3
No. of allowed errors:
1-9 bp: 0; 10-19 bp: 1

Overview of removed sequences
length	count	expect	max.err	error counts
3	40	1350.3	0	40
4	6	337.6	0	6
5	1	84.4	0	1
6	1	21.1	0	1
7	1	5.3	0	1
11	2	0.0	1	2
12	2	0.0	1	2
13	4	0.0	1	4
17	7	0.0	1	7
18	251	0.0	1	11 240
19	83726	0.0	1	80206 3520
20	217	0.0	1	23 194
21	1	0.0	1	0 1


=== Second read: Adapter 2 ===

Sequence: GGACTACNVGGGTWTCTAAT; Type: regular 5'; Length: 20; Trimmed: 83621 times

Minimum overlap: 3
No. of allowed errors:
1-9 bp: 0; 10-19 bp: 1

Overview of removed sequences
length	count	expect	max.err	error counts
3	36	1350.3	0	36
4	11	337.6	0	11
5	4	84.4	0	4
6	4	21.1	0	4
10	1	0.1	1	0 1
14	1	0.0	1	0 1
16	2	0.0	1	0 2
17	5	0.0	1	1 4
18	2	0.0	1	2
19	534	0.0	1	70 464
20	82811	0.0	1	80431 2380
21	203	0.0	1	32 171
51	1	0.0	1	0 1
52	6	0.0	1	2 4
This is cutadapt 5.2 with Python 3.12.13
Command line parameters: -u 0 --error-rate 0.1 --times 1 --overlap 3 --minimum-length 1 -q 0,0 --quality-base 33 --cores 14 -o /tmp/qiime2/root/processes/2263566-1779166962.1@root/tmp/rachis-OutPath-94iiqdiw/SS019_8_L001_R1_001.fastq.gz -p /tmp/qiime2/root/processes/2263566-1779166962.1@root/tmp/rachis-OutPath-94iiqdiw/SS019_44_L001_R2_001.fastq.gz --front GTGYCAGCMGCCGCGGTAA -G GGACTACNVGGGTWTCTAAT -U 0 --discard-untrimmed /tmp/qiime2/root/data/509177b1-aa9b-4512-b4b2-9a3fd46d8cc1/data/SS019_8_L001_R1_001.fastq.gz /tmp/qiime2/root/data/509177b1-aa9b-4512-b4b2-9a3fd46d8cc1/data/SS019_44_L001_R2_001.fastq.gz
Processing paired-end reads on 14 cores ...

=== Summary ===

Total read pairs processed:             64,959
  Read 1 with adapter:                  63,313 (97.5%)
  Read 2 with adapter:                  62,940 (96.9%)

== Read fate breakdown ==
Pairs that were too short:                   0 (0.0%)
Pairs discarded as untrimmed:            2,307 (3.6%)
Pairs written (passing filters):        62,652 (96.4%)

Total basepairs processed:    32,609,418 bp
  Read 1:    16,304,709 bp
  Read 2:    16,304,709 bp
Quality-trimmed:                       0 bp (0.0%)
  Read 1:             0 bp
  Read 2:             0 bp
Total written (filtered):     29,008,112 bp (89.0%)
  Read 1:    14,535,422 bp
  Read 2:    14,472,690 bp

=== First read: Adapter 1 ===

Sequence: GTGYCAGCMGCCGCGGTAA; Type: regular 5'; Length: 19; Trimmed: 63313 times

Minimum overlap: 3
No. of allowed errors:
1-9 bp: 0; 10-19 bp: 1

Overview of removed sequences
length	count	expect	max.err	error counts
3	34	1015.0	0	34
4	4	253.7	0	4
5	3	63.4	0	3
8	1	1.0	0	1
10	2	0.1	1	2
15	4	0.0	1	4
16	3	0.0	1	0 3
17	3	0.0	1	3
18	203	0.0	1	8 195
19	62906	0.0	1	60181 2725
20	147	0.0	1	21 126
21	3	0.0	1	3


=== Second read: Adapter 2 ===

Sequence: GGACTACNVGGGTWTCTAAT; Type: regular 5'; Length: 20; Trimmed: 62940 times

Minimum overlap: 3
No. of allowed errors:
1-9 bp: 0; 10-19 bp: 1

Overview of removed sequences
length	count	expect	max.err	error counts
3	34	1015.0	0	34
4	9	253.7	0	9
5	4	63.4	0	4
6	1	15.9	0	1
9	1	0.2	0	1
15	1	0.0	1	1
17	6	0.0	1	4 2
18	3	0.0	1	2 1
19	421	0.0	1	62 359
20	62288	0.0	1	60231 2057
21	164	0.0	1	16 148
50	1	0.0	1	0 1
51	2	0.0	1	0 2
52	5	0.0	1	0 5
This is cutadapt 5.2 with Python 3.12.13
Command line parameters: -u 0 --error-rate 0.1 --times 1 --overlap 3 --minimum-length 1 -q 0,0 --quality-base 33 --cores 14 -o /tmp/qiime2/root/processes/2263566-1779166962.1@root/tmp/rachis-OutPath-94iiqdiw/SS023_9_L001_R1_001.fastq.gz -p /tmp/qiime2/root/processes/2263566-1779166962.1@root/tmp/rachis-OutPath-94iiqdiw/SS023_45_L001_R2_001.fastq.gz --front GTGYCAGCMGCCGCGGTAA -G GGACTACNVGGGTWTCTAAT -U 0 --discard-untrimmed /tmp/qiime2/root/data/509177b1-aa9b-4512-b4b2-9a3fd46d8cc1/data/SS023_9_L001_R1_001.fastq.gz /tmp/qiime2/root/data/509177b1-aa9b-4512-b4b2-9a3fd46d8cc1/data/SS023_45_L001_R2_001.fastq.gz
Processing paired-end reads on 14 cores ...

=== Summary ===

Total read pairs processed:             13,103
  Read 1 with adapter:                  12,760 (97.4%)
  Read 2 with adapter:                  12,613 (96.3%)

== Read fate breakdown ==
Pairs that were too short:                   0 (0.0%)
Pairs discarded as untrimmed:              552 (4.2%)
Pairs written (passing filters):        12,551 (95.8%)

Total basepairs processed:     6,577,706 bp
  Read 1:     3,288,853 bp
  Read 2:     3,288,853 bp
Quality-trimmed:                       0 bp (0.0%)
  Read 1:             0 bp
  Read 2:             0 bp
Total written (filtered):      5,811,221 bp (88.3%)
  Read 1:     2,911,875 bp
  Read 2:     2,899,346 bp

=== First read: Adapter 1 ===

Sequence: GTGYCAGCMGCCGCGGTAA; Type: regular 5'; Length: 19; Trimmed: 12760 times

Minimum overlap: 3
No. of allowed errors:
1-9 bp: 0; 10-19 bp: 1

Overview of removed sequences
length	count	expect	max.err	error counts
3	10	204.7	0	10
4	2	51.2	0	2
17	1	0.0	1	1
18	34	0.0	1	1 33
19	12688	0.0	1	12119 569
20	25	0.0	1	3 22


=== Second read: Adapter 2 ===

Sequence: GGACTACNVGGGTWTCTAAT; Type: regular 5'; Length: 20; Trimmed: 12613 times

Minimum overlap: 3
No. of allowed errors:
1-9 bp: 0; 10-19 bp: 1

Overview of removed sequences
length	count	expect	max.err	error counts
3	10	204.7	0	10
4	3	51.2	0	3
5	1	12.8	0	1
19	97	0.0	1	14 83
20	12477	0.0	1	11917 560
21	22	0.0	1	6 16
26	2	0.0	1	2
52	1	0.0	1	0 1
This is cutadapt 5.2 with Python 3.12.13
Command line parameters: -u 0 --error-rate 0.1 --times 1 --overlap 3 --minimum-length 1 -q 0,0 --quality-base 33 --cores 14 -o /tmp/qiime2/root/processes/2263566-1779166962.1@root/tmp/rachis-OutPath-94iiqdiw/SS028_10_L001_R1_001.fastq.gz -p /tmp/qiime2/root/processes/2263566-1779166962.1@root/tmp/rachis-OutPath-94iiqdiw/SS028_46_L001_R2_001.fastq.gz --front GTGYCAGCMGCCGCGGTAA -G GGACTACNVGGGTWTCTAAT -U 0 --discard-untrimmed /tmp/qiime2/root/data/509177b1-aa9b-4512-b4b2-9a3fd46d8cc1/data/SS028_10_L001_R1_001.fastq.gz /tmp/qiime2/root/data/509177b1-aa9b-4512-b4b2-9a3fd46d8cc1/data/SS028_46_L001_R2_001.fastq.gz
Processing paired-end reads on 14 cores ...

=== Summary ===

Total read pairs processed:             43,975
  Read 1 with adapter:                  42,893 (97.5%)
  Read 2 with adapter:                  42,657 (97.0%)

== Read fate breakdown ==
Pairs that were too short:                   0 (0.0%)
Pairs discarded as untrimmed:            1,526 (3.5%)
Pairs written (passing filters):        42,449 (96.5%)

Total basepairs processed:    22,075,450 bp
  Read 1:    11,037,725 bp
  Read 2:    11,037,725 bp
Quality-trimmed:                       0 bp (0.0%)
  Read 1:             0 bp
  Read 2:             0 bp
Total written (filtered):     19,654,356 bp (89.0%)
  Read 1:     9,848,257 bp
  Read 2:     9,806,099 bp

=== First read: Adapter 1 ===

Sequence: GTGYCAGCMGCCGCGGTAA; Type: regular 5'; Length: 19; Trimmed: 42893 times

Minimum overlap: 3
No. of allowed errors:
1-9 bp: 0; 10-19 bp: 1

Overview of removed sequences
length	count	expect	max.err	error counts
3	18	687.1	0	18
4	2	171.8	0	2
13	3	0.0	1	3
16	5	0.0	1	3 2
17	5	0.0	1	5
18	105	0.0	1	6 99
19	42665	0.0	1	40696 1969
20	90	0.0	1	16 74


=== Second read: Adapter 2 ===

Sequence: GGACTACNVGGGTWTCTAAT; Type: regular 5'; Length: 20; Trimmed: 42657 times

Minimum overlap: 3
No. of allowed errors:
1-9 bp: 0; 10-19 bp: 1

Overview of removed sequences
length	count	expect	max.err	error counts
3	23	687.1	0	23
4	3	171.8	0	3
8	1	0.7	0	1
11	2	0.0	1	2
12	4	0.0	1	4
14	4	0.0	1	1 3
15	3	0.0	1	3
16	1	0.0	1	1
17	1	0.0	1	0 1
18	4	0.0	1	0 4
19	269	0.0	1	22 247
20	42248	0.0	1	40740 1508
21	94	0.0	1	15 79
This is cutadapt 5.2 with Python 3.12.13
Command line parameters: -u 0 --error-rate 0.1 --times 1 --overlap 3 --minimum-length 1 -q 0,0 --quality-base 33 --cores 14 -o /tmp/qiime2/root/processes/2263566-1779166962.1@root/tmp/rachis-OutPath-94iiqdiw/SS031_11_L001_R1_001.fastq.gz -p /tmp/qiime2/root/processes/2263566-1779166962.1@root/tmp/rachis-OutPath-94iiqdiw/SS031_47_L001_R2_001.fastq.gz --front GTGYCAGCMGCCGCGGTAA -G GGACTACNVGGGTWTCTAAT -U 0 --discard-untrimmed /tmp/qiime2/root/data/509177b1-aa9b-4512-b4b2-9a3fd46d8cc1/data/SS031_11_L001_R1_001.fastq.gz /tmp/qiime2/root/data/509177b1-aa9b-4512-b4b2-9a3fd46d8cc1/data/SS031_47_L001_R2_001.fastq.gz
Processing paired-end reads on 14 cores ...

=== Summary ===

Total read pairs processed:             48,728
  Read 1 with adapter:                  47,400 (97.3%)
  Read 2 with adapter:                  47,175 (96.8%)

== Read fate breakdown ==
Pairs that were too short:                   0 (0.0%)
Pairs discarded as untrimmed:            1,771 (3.6%)
Pairs written (passing filters):        46,957 (96.4%)

Total basepairs processed:    24,461,456 bp
  Read 1:    12,230,728 bp
  Read 2:    12,230,728 bp
Quality-trimmed:                       0 bp (0.0%)
  Read 1:             0 bp
  Read 2:             0 bp
Total written (filtered):     21,741,442 bp (88.9%)
  Read 1:    10,894,159 bp
  Read 2:    10,847,283 bp

=== First read: Adapter 1 ===

Sequence: GTGYCAGCMGCCGCGGTAA; Type: regular 5'; Length: 19; Trimmed: 47400 times

Minimum overlap: 3
No. of allowed errors:
1-9 bp: 0; 10-19 bp: 1

Overview of removed sequences
length	count	expect	max.err	error counts
3	28	761.4	0	28
4	5	190.3	0	5
5	2	47.6	0	2
17	4	0.0	1	2 2
18	200	0.0	1	7 193
19	47042	0.0	1	44953 2089
20	119	0.0	1	22 97


=== Second read: Adapter 2 ===

Sequence: GGACTACNVGGGTWTCTAAT; Type: regular 5'; Length: 20; Trimmed: 47175 times

Minimum overlap: 3
No. of allowed errors:
1-9 bp: 0; 10-19 bp: 1

Overview of removed sequences
length	count	expect	max.err	error counts
3	23	761.4	0	23
4	11	190.3	0	11
5	3	47.6	0	3
6	1	11.9	0	1
12	4	0.0	1	3 1
15	1	0.0	1	1
17	2	0.0	1	2
18	1	0.0	1	0 1
19	299	0.0	1	20 279
20	46696	0.0	1	45424 1272
21	132	0.0	1	24 108
51	1	0.0	1	1
52	1	0.0	1	0 1
This is cutadapt 5.2 with Python 3.12.13
Command line parameters: -u 0 --error-rate 0.1 --times 1 --overlap 3 --minimum-length 1 -q 0,0 --quality-base 33 --cores 14 -o /tmp/qiime2/root/processes/2263566-1779166962.1@root/tmp/rachis-OutPath-94iiqdiw/SS035_12_L001_R1_001.fastq.gz -p /tmp/qiime2/root/processes/2263566-1779166962.1@root/tmp/rachis-OutPath-94iiqdiw/SS035_48_L001_R2_001.fastq.gz --front GTGYCAGCMGCCGCGGTAA -G GGACTACNVGGGTWTCTAAT -U 0 --discard-untrimmed /tmp/qiime2/root/data/509177b1-aa9b-4512-b4b2-9a3fd46d8cc1/data/SS035_12_L001_R1_001.fastq.gz /tmp/qiime2/root/data/509177b1-aa9b-4512-b4b2-9a3fd46d8cc1/data/SS035_48_L001_R2_001.fastq.gz
Processing paired-end reads on 14 cores ...

=== Summary ===

Total read pairs processed:             27,392
  Read 1 with adapter:                  26,647 (97.3%)
  Read 2 with adapter:                  26,207 (95.7%)

== Read fate breakdown ==
Pairs that were too short:                   0 (0.0%)
Pairs discarded as untrimmed:            1,298 (4.7%)
Pairs written (passing filters):        26,094 (95.3%)

Total basepairs processed:    13,750,784 bp
  Read 1:     6,875,392 bp
  Read 2:     6,875,392 bp
Quality-trimmed:                       0 bp (0.0%)
  Read 1:             0 bp
  Read 2:             0 bp
Total written (filtered):     12,081,404 bp (87.9%)
  Read 1:     6,053,859 bp
  Read 2:     6,027,545 bp

=== First read: Adapter 1 ===

Sequence: GTGYCAGCMGCCGCGGTAA; Type: regular 5'; Length: 19; Trimmed: 26647 times

Minimum overlap: 3
No. of allowed errors:
1-9 bp: 0; 10-19 bp: 1

Overview of removed sequences
length	count	expect	max.err	error counts
3	14	428.0	0	14
4	3	107.0	0	3
7	2	1.7	0	2
16	2	0.0	1	0 2
18	101	0.0	1	9 92
19	26469	0.0	1	25145 1324
20	56	0.0	1	11 45


=== Second read: Adapter 2 ===

Sequence: GGACTACNVGGGTWTCTAAT; Type: regular 5'; Length: 20; Trimmed: 26207 times

Minimum overlap: 3
No. of allowed errors:
1-9 bp: 0; 10-19 bp: 1

Overview of removed sequences
length	count	expect	max.err	error counts
3	19	428.0	0	19
4	3	107.0	0	3
12	2	0.0	1	2
15	1	0.0	1	0 1
19	234	0.0	1	22 212
20	25868	0.0	1	24730 1138
21	66	0.0	1	7 59
22	1	0.0	1	1
51	9	0.0	1	2 7
52	4	0.0	1	1 3
Running external command line application(s). This may print messages to stdout and/or stderr.
The command(s) being run are below. These commands cannot be manually re-run as they will depend on temporary files that no longer exist.

Command: cutadapt -u 0 --error-rate 0.1 --times 1 --overlap 3 --minimum-length 1 -q 0,0 --quality-base 33 --cores 14 -o /tmp/qiime2/root/processes/2263566-1779166962.1@root/tmp/rachis-OutPath-94iiqdiw/Blank1_0_L001_R1_001.fastq.gz -p /tmp/qiime2/root/processes/2263566-1779166962.1@root/tmp/rachis-OutPath-94iiqdiw/Blank1_36_L001_R2_001.fastq.gz --front GTGYCAGCMGCCGCGGTAA -G GGACTACNVGGGTWTCTAAT -U 0 --discard-untrimmed /tmp/qiime2/root/data/509177b1-aa9b-4512-b4b2-9a3fd46d8cc1/data/Blank1_0_L001_R1_001.fastq.gz /tmp/qiime2/root/data/509177b1-aa9b-4512-b4b2-9a3fd46d8cc1/data/Blank1_36_L001_R2_001.fastq.gz


Command: cutadapt -u 0 --error-rate 0.1 --times 1 --overlap 3 --minimum-length 1 -q 0,0 --quality-base 33 --cores 14 -o /tmp/qiime2/root/processes/2263566-1779166962.1@root/tmp/rachis-OutPath-94iiqdiw/Blank2_1_L001_R1_001.fastq.gz -p /tmp/qiime2/root/processes/2263566-1779166962.1@root/tmp/rachis-OutPath-94iiqdiw/Blank2_37_L001_R2_001.fastq.gz --front GTGYCAGCMGCCGCGGTAA -G GGACTACNVGGGTWTCTAAT -U 0 --discard-untrimmed /tmp/qiime2/root/data/509177b1-aa9b-4512-b4b2-9a3fd46d8cc1/data/Blank2_1_L001_R1_001.fastq.gz /tmp/qiime2/root/data/509177b1-aa9b-4512-b4b2-9a3fd46d8cc1/data/Blank2_37_L001_R2_001.fastq.gz


Command: cutadapt -u 0 --error-rate 0.1 --times 1 --overlap 3 --minimum-length 1 -q 0,0 --quality-base 33 --cores 14 -o /tmp/qiime2/root/processes/2263566-1779166962.1@root/tmp/rachis-OutPath-94iiqdiw/Blank3_2_L001_R1_001.fastq.gz -p /tmp/qiime2/root/processes/2263566-1779166962.1@root/tmp/rachis-OutPath-94iiqdiw/Blank3_38_L001_R2_001.fastq.gz --front GTGYCAGCMGCCGCGGTAA -G GGACTACNVGGGTWTCTAAT -U 0 --discard-untrimmed /tmp/qiime2/root/data/509177b1-aa9b-4512-b4b2-9a3fd46d8cc1/data/Blank3_2_L001_R1_001.fastq.gz /tmp/qiime2/root/data/509177b1-aa9b-4512-b4b2-9a3fd46d8cc1/data/Blank3_38_L001_R2_001.fastq.gz


Command: cutadapt -u 0 --error-rate 0.1 --times 1 --overlap 3 --minimum-length 1 -q 0,0 --quality-base 33 --cores 14 -o /tmp/qiime2/root/processes/2263566-1779166962.1@root/tmp/rachis-OutPath-94iiqdiw/Blank4_3_L001_R1_001.fastq.gz -p /tmp/qiime2/root/processes/2263566-1779166962.1@root/tmp/rachis-OutPath-94iiqdiw/Blank4_39_L001_R2_001.fastq.gz --front GTGYCAGCMGCCGCGGTAA -G GGACTACNVGGGTWTCTAAT -U 0 --discard-untrimmed /tmp/qiime2/root/data/509177b1-aa9b-4512-b4b2-9a3fd46d8cc1/data/Blank4_3_L001_R1_001.fastq.gz /tmp/qiime2/root/data/509177b1-aa9b-4512-b4b2-9a3fd46d8cc1/data/Blank4_39_L001_R2_001.fastq.gz


Command: cutadapt -u 0 --error-rate 0.1 --times 1 --overlap 3 --minimum-length 1 -q 0,0 --quality-base 33 --cores 14 -o /tmp/qiime2/root/processes/2263566-1779166962.1@root/tmp/rachis-OutPath-94iiqdiw/SS004_4_L001_R1_001.fastq.gz -p /tmp/qiime2/root/processes/2263566-1779166962.1@root/tmp/rachis-OutPath-94iiqdiw/SS004_40_L001_R2_001.fastq.gz --front GTGYCAGCMGCCGCGGTAA -G GGACTACNVGGGTWTCTAAT -U 0 --discard-untrimmed /tmp/qiime2/root/data/509177b1-aa9b-4512-b4b2-9a3fd46d8cc1/data/SS004_4_L001_R1_001.fastq.gz /tmp/qiime2/root/data/509177b1-aa9b-4512-b4b2-9a3fd46d8cc1/data/SS004_40_L001_R2_001.fastq.gz


Command: cutadapt -u 0 --error-rate 0.1 --times 1 --overlap 3 --minimum-length 1 -q 0,0 --quality-base 33 --cores 14 -o /tmp/qiime2/root/processes/2263566-1779166962.1@root/tmp/rachis-OutPath-94iiqdiw/SS007_5_L001_R1_001.fastq.gz -p /tmp/qiime2/root/processes/2263566-1779166962.1@root/tmp/rachis-OutPath-94iiqdiw/SS007_41_L001_R2_001.fastq.gz --front GTGYCAGCMGCCGCGGTAA -G GGACTACNVGGGTWTCTAAT -U 0 --discard-untrimmed /tmp/qiime2/root/data/509177b1-aa9b-4512-b4b2-9a3fd46d8cc1/data/SS007_5_L001_R1_001.fastq.gz /tmp/qiime2/root/data/509177b1-aa9b-4512-b4b2-9a3fd46d8cc1/data/SS007_41_L001_R2_001.fastq.gz


Command: cutadapt -u 0 --error-rate 0.1 --times 1 --overlap 3 --minimum-length 1 -q 0,0 --quality-base 33 --cores 14 -o /tmp/qiime2/root/processes/2263566-1779166962.1@root/tmp/rachis-OutPath-94iiqdiw/SS011_6_L001_R1_001.fastq.gz -p /tmp/qiime2/root/processes/2263566-1779166962.1@root/tmp/rachis-OutPath-94iiqdiw/SS011_42_L001_R2_001.fastq.gz --front GTGYCAGCMGCCGCGGTAA -G GGACTACNVGGGTWTCTAAT -U 0 --discard-untrimmed /tmp/qiime2/root/data/509177b1-aa9b-4512-b4b2-9a3fd46d8cc1/data/SS011_6_L001_R1_001.fastq.gz /tmp/qiime2/root/data/509177b1-aa9b-4512-b4b2-9a3fd46d8cc1/data/SS011_42_L001_R2_001.fastq.gz


Command: cutadapt -u 0 --error-rate 0.1 --times 1 --overlap 3 --minimum-length 1 -q 0,0 --quality-base 33 --cores 14 -o /tmp/qiime2/root/processes/2263566-1779166962.1@root/tmp/rachis-OutPath-94iiqdiw/SS016_7_L001_R1_001.fastq.gz -p /tmp/qiime2/root/processes/2263566-1779166962.1@root/tmp/rachis-OutPath-94iiqdiw/SS016_43_L001_R2_001.fastq.gz --front GTGYCAGCMGCCGCGGTAA -G GGACTACNVGGGTWTCTAAT -U 0 --discard-untrimmed /tmp/qiime2/root/data/509177b1-aa9b-4512-b4b2-9a3fd46d8cc1/data/SS016_7_L001_R1_001.fastq.gz /tmp/qiime2/root/data/509177b1-aa9b-4512-b4b2-9a3fd46d8cc1/data/SS016_43_L001_R2_001.fastq.gz


Command: cutadapt -u 0 --error-rate 0.1 --times 1 --overlap 3 --minimum-length 1 -q 0,0 --quality-base 33 --cores 14 -o /tmp/qiime2/root/processes/2263566-1779166962.1@root/tmp/rachis-OutPath-94iiqdiw/SS019_8_L001_R1_001.fastq.gz -p /tmp/qiime2/root/processes/2263566-1779166962.1@root/tmp/rachis-OutPath-94iiqdiw/SS019_44_L001_R2_001.fastq.gz --front GTGYCAGCMGCCGCGGTAA -G GGACTACNVGGGTWTCTAAT -U 0 --discard-untrimmed /tmp/qiime2/root/data/509177b1-aa9b-4512-b4b2-9a3fd46d8cc1/data/SS019_8_L001_R1_001.fastq.gz /tmp/qiime2/root/data/509177b1-aa9b-4512-b4b2-9a3fd46d8cc1/data/SS019_44_L001_R2_001.fastq.gz


Command: cutadapt -u 0 --error-rate 0.1 --times 1 --overlap 3 --minimum-length 1 -q 0,0 --quality-base 33 --cores 14 -o /tmp/qiime2/root/processes/2263566-1779166962.1@root/tmp/rachis-OutPath-94iiqdiw/SS023_9_L001_R1_001.fastq.gz -p /tmp/qiime2/root/processes/2263566-1779166962.1@root/tmp/rachis-OutPath-94iiqdiw/SS023_45_L001_R2_001.fastq.gz --front GTGYCAGCMGCCGCGGTAA -G GGACTACNVGGGTWTCTAAT -U 0 --discard-untrimmed /tmp/qiime2/root/data/509177b1-aa9b-4512-b4b2-9a3fd46d8cc1/data/SS023_9_L001_R1_001.fastq.gz /tmp/qiime2/root/data/509177b1-aa9b-4512-b4b2-9a3fd46d8cc1/data/SS023_45_L001_R2_001.fastq.gz


Command: cutadapt -u 0 --error-rate 0.1 --times 1 --overlap 3 --minimum-length 1 -q 0,0 --quality-base 33 --cores 14 -o /tmp/qiime2/root/processes/2263566-1779166962.1@root/tmp/rachis-OutPath-94iiqdiw/SS028_10_L001_R1_001.fastq.gz -p /tmp/qiime2/root/processes/2263566-1779166962.1@root/tmp/rachis-OutPath-94iiqdiw/SS028_46_L001_R2_001.fastq.gz --front GTGYCAGCMGCCGCGGTAA -G GGACTACNVGGGTWTCTAAT -U 0 --discard-untrimmed /tmp/qiime2/root/data/509177b1-aa9b-4512-b4b2-9a3fd46d8cc1/data/SS028_10_L001_R1_001.fastq.gz /tmp/qiime2/root/data/509177b1-aa9b-4512-b4b2-9a3fd46d8cc1/data/SS028_46_L001_R2_001.fastq.gz


Command: cutadapt -u 0 --error-rate 0.1 --times 1 --overlap 3 --minimum-length 1 -q 0,0 --quality-base 33 --cores 14 -o /tmp/qiime2/root/processes/2263566-1779166962.1@root/tmp/rachis-OutPath-94iiqdiw/SS031_11_L001_R1_001.fastq.gz -p /tmp/qiime2/root/processes/2263566-1779166962.1@root/tmp/rachis-OutPath-94iiqdiw/SS031_47_L001_R2_001.fastq.gz --front GTGYCAGCMGCCGCGGTAA -G GGACTACNVGGGTWTCTAAT -U 0 --discard-untrimmed /tmp/qiime2/root/data/509177b1-aa9b-4512-b4b2-9a3fd46d8cc1/data/SS031_11_L001_R1_001.fastq.gz /tmp/qiime2/root/data/509177b1-aa9b-4512-b4b2-9a3fd46d8cc1/data/SS031_47_L001_R2_001.fastq.gz


Command: cutadapt -u 0 --error-rate 0.1 --times 1 --overlap 3 --minimum-length 1 -q 0,0 --quality-base 33 --cores 14 -o /tmp/qiime2/root/processes/2263566-1779166962.1@root/tmp/rachis-OutPath-94iiqdiw/SS035_12_L001_R1_001.fastq.gz -p /tmp/qiime2/root/processes/2263566-1779166962.1@root/tmp/rachis-OutPath-94iiqdiw/SS035_48_L001_R2_001.fastq.gz --front GTGYCAGCMGCCGCGGTAA -G GGACTACNVGGGTWTCTAAT -U 0 --discard-untrimmed /tmp/qiime2/root/data/509177b1-aa9b-4512-b4b2-9a3fd46d8cc1/data/SS035_12_L001_R1_001.fastq.gz /tmp/qiime2/root/data/509177b1-aa9b-4512-b4b2-9a3fd46d8cc1/data/SS035_48_L001_R2_001.fastq.gz


Command:This is cutadapt 5.2 with Python 3.12.13
Command line parameters: -u 0 --error-rate 0.1 --times 1 --overlap 3 --minimum-length 1 -q 0,0 --quality-base 33 --cores 14 -o /tmp/qiime2/root/processes/2263566-1779166962.1@root/tmp/rachis-OutPath-94iiqdiw/SS040_13_L001_R1_001.fastq.gz -p /tmp/qiime2/root/processes/2263566-1779166962.1@root/tmp/rachis-OutPath-94iiqdiw/SS040_49_L001_R2_001.fastq.gz --front GTGYCAGCMGCCGCGGTAA -G GGACTACNVGGGTWTCTAAT -U 0 --discard-untrimmed /tmp/qiime2/root/data/509177b1-aa9b-4512-b4b2-9a3fd46d8cc1/data/SS040_13_L001_R1_001.fastq.gz /tmp/qiime2/root/data/509177b1-aa9b-4512-b4b2-9a3fd46d8cc1/data/SS040_49_L001_R2_001.fastq.gz
Processing paired-end reads on 14 cores ...

=== Summary ===

Total read pairs processed:             44,408
  Read 1 with adapter:                  43,319 (97.5%)
  Read 2 with adapter:                  42,974 (96.8%)

== Read fate breakdown ==
Pairs that were too short:                   0 (0.0%)
Pairs discarded as untrimmed:            1,615 (3.6%)
Pairs written (passing filters):        42,793 (96.4%)

Total basepairs processed:    22,292,816 bp
  Read 1:    11,146,408 bp
  Read 2:    11,146,408 bp
Quality-trimmed:                       0 bp (0.0%)
  Read 1:             0 bp
  Read 2:             0 bp
Total written (filtered):     19,813,344 bp (88.9%)
  Read 1:     9,928,140 bp
  Read 2:     9,885,204 bp

=== First read: Adapter 1 ===

Sequence: GTGYCAGCMGCCGCGGTAA; Type: regular 5'; Length: 19; Trimmed: 43319 times

Minimum overlap: 3
No. of allowed errors:
1-9 bp: 0; 10-19 bp: 1

Overview of removed sequences
length	count	expect	max.err	error counts
3	25	693.9	0	25
4	4	173.5	0	4
5	2	43.4	0	2
6	1	10.8	0	1
13	3	0.0	1	3
14	1	0.0	1	0 1
16	4	0.0	1	2 2
17	5	0.0	1	5
18	169	0.0	1	2 167
19	42995	0.0	1	41199 1796
20	110	0.0	1	18 92


=== Second read: Adapter 2 ===

Sequence: GGACTACNVGGGTWTCTAAT; Type: regular 5'; Length: 20; Trimmed: 42974 times

Minimum overlap: 3
No. of allowed errors:
1-9 bp: 0; 10-19 bp: 1

Overview of removed sequences
length	count	expect	max.err	error counts
3	18	693.9	0	18
4	9	173.5	0	9
5	1	43.4	0	1
16	1	0.0	1	1
17	2	0.0	1	0 2
19	281	0.0	1	35 246
20	42567	0.0	1	41032 1535
21	86	0.0	1	15 71
50	1	0.0	1	0 1
51	3	0.0	1	0 3
52	5	0.0	1	1 4
This is cutadapt 5.2 with Python 3.12.13
Command line parameters: -u 0 --error-rate 0.1 --times 1 --overlap 3 --minimum-length 1 -q 0,0 --quality-base 33 --cores 14 -o /tmp/qiime2/root/processes/2263566-1779166962.1@root/tmp/rachis-OutPath-94iiqdiw/SS043_14_L001_R1_001.fastq.gz -p /tmp/qiime2/root/processes/2263566-1779166962.1@root/tmp/rachis-OutPath-94iiqdiw/SS043_50_L001_R2_001.fastq.gz --front GTGYCAGCMGCCGCGGTAA -G GGACTACNVGGGTWTCTAAT -U 0 --discard-untrimmed /tmp/qiime2/root/data/509177b1-aa9b-4512-b4b2-9a3fd46d8cc1/data/SS043_14_L001_R1_001.fastq.gz /tmp/qiime2/root/data/509177b1-aa9b-4512-b4b2-9a3fd46d8cc1/data/SS043_50_L001_R2_001.fastq.gz
Processing paired-end reads on 14 cores ...

=== Summary ===

Total read pairs processed:             47,273
  Read 1 with adapter:                  46,119 (97.6%)
  Read 2 with adapter:                  45,890 (97.1%)

== Read fate breakdown ==
Pairs that were too short:                   0 (0.0%)
Pairs discarded as untrimmed:            1,576 (3.3%)
Pairs written (passing filters):        45,697 (96.7%)

Total basepairs processed:    23,731,046 bp
  Read 1:    11,865,523 bp
  Read 2:    11,865,523 bp
Quality-trimmed:                       0 bp (0.0%)
  Read 1:             0 bp
  Read 2:             0 bp
Total written (filtered):     21,157,878 bp (89.2%)
  Read 1:    10,601,764 bp
  Read 2:    10,556,114 bp

=== First read: Adapter 1 ===

Sequence: GTGYCAGCMGCCGCGGTAA; Type: regular 5'; Length: 19; Trimmed: 46119 times

Minimum overlap: 3
No. of allowed errors:
1-9 bp: 0; 10-19 bp: 1

Overview of removed sequences
length	count	expect	max.err	error counts
3	29	738.6	0	29
4	3	184.7	0	3
10	1	0.0	1	1
12	3	0.0	1	1 2
15	1	0.0	1	0 1
16	3	0.0	1	1 2
17	1	0.0	1	1
18	146	0.0	1	2 144
19	45837	0.0	1	44015 1822
20	94	0.0	1	5 89
54	1	0.0	1	0 1


=== Second read: Adapter 2 ===

Sequence: GGACTACNVGGGTWTCTAAT; Type: regular 5'; Length: 20; Trimmed: 45890 times

Minimum overlap: 3
No. of allowed errors:
1-9 bp: 0; 10-19 bp: 1

Overview of removed sequences
length	count	expect	max.err	error counts
3	23	738.6	0	23
4	11	184.7	0	11
5	1	46.2	0	1
6	1	11.5	0	1
15	2	0.0	1	2
19	310	0.0	1	32 278
20	45427	0.0	1	44151 1276
21	110	0.0	1	17 93
30	1	0.0	1	1
48	1	0.0	1	0 1
51	1	0.0	1	1
52	2	0.0	1	0 2
This is cutadapt 5.2 with Python 3.12.13
Command line parameters: -u 0 --error-rate 0.1 --times 1 --overlap 3 --minimum-length 1 -q 0,0 --quality-base 33 --cores 14 -o /tmp/qiime2/root/processes/2263566-1779166962.1@root/tmp/rachis-OutPath-94iiqdiw/SS047_15_L001_R1_001.fastq.gz -p /tmp/qiime2/root/processes/2263566-1779166962.1@root/tmp/rachis-OutPath-94iiqdiw/SS047_51_L001_R2_001.fastq.gz --front GTGYCAGCMGCCGCGGTAA -G GGACTACNVGGGTWTCTAAT -U 0 --discard-untrimmed /tmp/qiime2/root/data/509177b1-aa9b-4512-b4b2-9a3fd46d8cc1/data/SS047_15_L001_R1_001.fastq.gz /tmp/qiime2/root/data/509177b1-aa9b-4512-b4b2-9a3fd46d8cc1/data/SS047_51_L001_R2_001.fastq.gz
Processing paired-end reads on 14 cores ...

=== Summary ===

Total read pairs processed:             47,320
  Read 1 with adapter:                  46,050 (97.3%)
  Read 2 with adapter:                  45,602 (96.4%)

== Read fate breakdown ==
Pairs that were too short:                   0 (0.0%)
Pairs discarded as untrimmed:            1,947 (4.1%)
Pairs written (passing filters):        45,373 (95.9%)

Total basepairs processed:    23,754,640 bp
  Read 1:    11,877,320 bp
  Read 2:    11,877,320 bp
Quality-trimmed:                       0 bp (0.0%)
  Read 1:             0 bp
  Read 2:             0 bp
Total written (filtered):     21,007,604 bp (88.4%)
  Read 1:    10,526,649 bp
  Read 2:    10,480,955 bp

=== First read: Adapter 1 ===

Sequence: GTGYCAGCMGCCGCGGTAA; Type: regular 5'; Length: 19; Trimmed: 46050 times

Minimum overlap: 3
No. of allowed errors:
1-9 bp: 0; 10-19 bp: 1

Overview of removed sequences
length	count	expect	max.err	error counts
3	25	739.4	0	25
4	3	184.8	0	3
10	1	0.0	1	0 1
14	2	0.0	1	0 2
15	3	0.0	1	3
16	1	0.0	1	1
17	2	0.0	1	2
18	174	0.0	1	9 165
19	45724	0.0	1	43851 1873
20	115	0.0	1	17 98


=== Second read: Adapter 2 ===

Sequence: GGACTACNVGGGTWTCTAAT; Type: regular 5'; Length: 20; Trimmed: 45602 times

Minimum overlap: 3
No. of allowed errors:
1-9 bp: 0; 10-19 bp: 1

Overview of removed sequences
length	count	expect	max.err	error counts
3	26	739.4	0	26
4	16	184.8	0	16
17	1	0.0	1	0 1
19	234	0.0	1	28 206
20	45197	0.0	1	43797 1400
21	115	0.0	1	17 98
23	1	0.0	1	1
51	8	0.0	1	2 6
52	4	0.0	1	0 4
This is cutadapt 5.2 with Python 3.12.13
Command line parameters: -u 0 --error-rate 0.1 --times 1 --overlap 3 --minimum-length 1 -q 0,0 --quality-base 33 --cores 14 -o /tmp/qiime2/root/processes/2263566-1779166962.1@root/tmp/rachis-OutPath-94iiqdiw/SS051_16_L001_R1_001.fastq.gz -p /tmp/qiime2/root/processes/2263566-1779166962.1@root/tmp/rachis-OutPath-94iiqdiw/SS051_52_L001_R2_001.fastq.gz --front GTGYCAGCMGCCGCGGTAA -G GGACTACNVGGGTWTCTAAT -U 0 --discard-untrimmed /tmp/qiime2/root/data/509177b1-aa9b-4512-b4b2-9a3fd46d8cc1/data/SS051_16_L001_R1_001.fastq.gz /tmp/qiime2/root/data/509177b1-aa9b-4512-b4b2-9a3fd46d8cc1/data/SS051_52_L001_R2_001.fastq.gz
Processing paired-end reads on 14 cores ...

=== Summary ===

Total read pairs processed:             60,924
  Read 1 with adapter:                  59,089 (97.0%)
  Read 2 with adapter:                  58,013 (95.2%)

== Read fate breakdown ==
Pairs that were too short:                   0 (0.0%)
Pairs discarded as untrimmed:            3,218 (5.3%)
Pairs written (passing filters):        57,706 (94.7%)

Total basepairs processed:    30,583,848 bp
  Read 1:    15,291,924 bp
  Read 2:    15,291,924 bp
Quality-trimmed:                       0 bp (0.0%)
  Read 1:             0 bp
  Read 2:             0 bp
Total written (filtered):     26,718,466 bp (87.4%)
  Read 1:    13,387,819 bp
  Read 2:    13,330,647 bp

=== First read: Adapter 1 ===

Sequence: GTGYCAGCMGCCGCGGTAA; Type: regular 5'; Length: 19; Trimmed: 59089 times

Minimum overlap: 3
No. of allowed errors:
1-9 bp: 0; 10-19 bp: 1

Overview of removed sequences
length	count	expect	max.err	error counts
3	23	951.9	0	23
4	6	238.0	0	6
5	3	59.5	0	3
14	2	0.0	1	2
17	5	0.0	1	5
18	186	0.0	1	7 179
19	58732	0.0	1	56104 2628
20	128	0.0	1	24 104
27	2	0.0	1	2
35	2	0.0	1	2


=== Second read: Adapter 2 ===

Sequence: GGACTACNVGGGTWTCTAAT; Type: regular 5'; Length: 20; Trimmed: 58013 times

Minimum overlap: 3
No. of allowed errors:
1-9 bp: 0; 10-19 bp: 1

Overview of removed sequences
length	count	expect	max.err	error counts
3	69	951.9	0	69
4	14	238.0	0	14
5	2	59.5	0	2
10	1	0.1	1	1
12	3	0.0	1	3
16	1	0.0	1	1
17	3	0.0	1	0 3
18	7	0.0	1	1 6
19	541	0.0	1	55 486
20	57197	0.0	1	54854 2343
21	160	0.0	1	30 130
50	1	0.0	1	1
51	8	0.0	1	0 8
52	6	0.0	1	1 5
This is cutadapt 5.2 with Python 3.12.13
Command line parameters: -u 0 --error-rate 0.1 --times 1 --overlap 3 --minimum-length 1 -q 0,0 --quality-base 33 --cores 14 -o /tmp/qiime2/root/processes/2263566-1779166962.1@root/tmp/rachis-OutPath-94iiqdiw/SS052_17_L001_R1_001.fastq.gz -p /tmp/qiime2/root/processes/2263566-1779166962.1@root/tmp/rachis-OutPath-94iiqdiw/SS052_53_L001_R2_001.fastq.gz --front GTGYCAGCMGCCGCGGTAA -G GGACTACNVGGGTWTCTAAT -U 0 --discard-untrimmed /tmp/qiime2/root/data/509177b1-aa9b-4512-b4b2-9a3fd46d8cc1/data/SS052_17_L001_R1_001.fastq.gz /tmp/qiime2/root/data/509177b1-aa9b-4512-b4b2-9a3fd46d8cc1/data/SS052_53_L001_R2_001.fastq.gz
Processing paired-end reads on 14 cores ...

=== Summary ===

Total read pairs processed:             52,815
  Read 1 with adapter:                  51,392 (97.3%)
  Read 2 with adapter:                  50,824 (96.2%)

== Read fate breakdown ==
Pairs that were too short:                   0 (0.0%)
Pairs discarded as untrimmed:            2,247 (4.3%)
Pairs written (passing filters):        50,568 (95.7%)

Total basepairs processed:    26,513,130 bp
  Read 1:    13,256,565 bp
  Read 2:    13,256,565 bp
Quality-trimmed:                       0 bp (0.0%)
  Read 1:             0 bp
  Read 2:             0 bp
Total written (filtered):     23,413,239 bp (88.3%)
  Read 1:    11,731,806 bp
  Read 2:    11,681,433 bp

=== First read: Adapter 1 ===

Sequence: GTGYCAGCMGCCGCGGTAA; Type: regular 5'; Length: 19; Trimmed: 51392 times

Minimum overlap: 3
No. of allowed errors:
1-9 bp: 0; 10-19 bp: 1

Overview of removed sequences
length	count	expect	max.err	error counts
3	33	825.2	0	33
4	6	206.3	0	6
5	1	51.6	0	1
16	2	0.0	1	2
17	3	0.0	1	1 2
18	178	0.0	1	9 169
19	51017	0.0	1	48757 2260
20	151	0.0	1	37 114
39	1	0.0	1	1


=== Second read: Adapter 2 ===

Sequence: GGACTACNVGGGTWTCTAAT; Type: regular 5'; Length: 20; Trimmed: 50824 times

Minimum overlap: 3
No. of allowed errors:
1-9 bp: 0; 10-19 bp: 1

Overview of removed sequences
length	count	expect	max.err	error counts
3	24	825.2	0	24
4	19	206.3	0	19
5	3	51.6	0	3
9	3	0.2	0	3
11	1	0.0	1	0 1
14	2	0.0	1	0 2
15	1	0.0	1	1
17	2	0.0	1	2
19	358	0.0	1	40 318
20	50275	0.0	1	48460 1815
21	133	0.0	1	37 96
52	3	0.0	1	0 3
This is cutadapt 5.2 with Python 3.12.13
Command line parameters: -u 0 --error-rate 0.1 --times 1 --overlap 3 --minimum-length 1 -q 0,0 --quality-base 33 --cores 14 -o /tmp/qiime2/root/processes/2263566-1779166962.1@root/tmp/rachis-OutPath-94iiqdiw/SS054_18_L001_R1_001.fastq.gz -p /tmp/qiime2/root/processes/2263566-1779166962.1@root/tmp/rachis-OutPath-94iiqdiw/SS054_54_L001_R2_001.fastq.gz --front GTGYCAGCMGCCGCGGTAA -G GGACTACNVGGGTWTCTAAT -U 0 --discard-untrimmed /tmp/qiime2/root/data/509177b1-aa9b-4512-b4b2-9a3fd46d8cc1/data/SS054_18_L001_R1_001.fastq.gz /tmp/qiime2/root/data/509177b1-aa9b-4512-b4b2-9a3fd46d8cc1/data/SS054_54_L001_R2_001.fastq.gz
Processing paired-end reads on 14 cores ...

=== Summary ===

Total read pairs processed:             45,970
  Read 1 with adapter:                  44,771 (97.4%)
  Read 2 with adapter:                  44,023 (95.8%)

== Read fate breakdown ==
Pairs that were too short:                   0 (0.0%)
Pairs discarded as untrimmed:            2,155 (4.7%)
Pairs written (passing filters):        43,815 (95.3%)

Total basepairs processed:    23,076,940 bp
  Read 1:    11,538,470 bp
  Read 2:    11,538,470 bp
Quality-trimmed:                       0 bp (0.0%)
  Read 1:             0 bp
  Read 2:             0 bp
Total written (filtered):     20,286,904 bp (87.9%)
  Read 1:    10,165,269 bp
  Read 2:    10,121,635 bp

=== First read: Adapter 1 ===

Sequence: GTGYCAGCMGCCGCGGTAA; Type: regular 5'; Length: 19; Trimmed: 44771 times

Minimum overlap: 3
No. of allowed errors:
1-9 bp: 0; 10-19 bp: 1

Overview of removed sequences
length	count	expect	max.err	error counts
3	19	718.3	0	19
4	7	179.6	0	7
9	2	0.2	0	2
10	1	0.0	1	1
13	1	0.0	1	1
14	2	0.0	1	0 2
15	3	0.0	1	0 3
16	2	0.0	1	0 2
17	6	0.0	1	4 2
18	188	0.0	1	4 184
19	44452	0.0	1	42396 2056
20	88	0.0	1	13 75


=== Second read: Adapter 2 ===

Sequence: GGACTACNVGGGTWTCTAAT; Type: regular 5'; Length: 20; Trimmed: 44023 times

Minimum overlap: 3
No. of allowed errors:
1-9 bp: 0; 10-19 bp: 1

Overview of removed sequences
length	count	expect	max.err	error counts
3	41	718.3	0	41
4	6	179.6	0	6
5	2	44.9	0	2
9	1	0.2	0	0 1
13	2	0.0	1	1 1
16	1	0.0	1	1
17	2	0.0	1	2
18	2	0.0	1	0 2
19	282	0.0	1	26 256
20	43557	0.0	1	42046 1511
21	127	0.0	1	18 109
This is cutadapt 5.2 with Python 3.12.13
Command line parameters: -u 0 --error-rate 0.1 --times 1 --overlap 3 --minimum-length 1 -q 0,0 --quality-base 33 --cores 14 -o /tmp/qiime2/root/processes/2263566-1779166962.1@root/tmp/rachis-OutPath-94iiqdiw/SS055_19_L001_R1_001.fastq.gz -p /tmp/qiime2/root/processes/2263566-1779166962.1@root/tmp/rachis-OutPath-94iiqdiw/SS055_55_L001_R2_001.fastq.gz --front GTGYCAGCMGCCGCGGTAA -G GGACTACNVGGGTWTCTAAT -U 0 --discard-untrimmed /tmp/qiime2/root/data/509177b1-aa9b-4512-b4b2-9a3fd46d8cc1/data/SS055_19_L001_R1_001.fastq.gz /tmp/qiime2/root/data/509177b1-aa9b-4512-b4b2-9a3fd46d8cc1/data/SS055_55_L001_R2_001.fastq.gz
Processing paired-end reads on 14 cores ...

=== Summary ===

Total read pairs processed:             39,401
  Read 1 with adapter:                  38,343 (97.3%)
  Read 2 with adapter:                  37,997 (96.4%)

== Read fate breakdown ==
Pairs that were too short:                   0 (0.0%)
Pairs discarded as untrimmed:            1,604 (4.1%)
Pairs written (passing filters):        37,797 (95.9%)

Total basepairs processed:    19,779,302 bp
  Read 1:     9,889,651 bp
  Read 2:     9,889,651 bp
Quality-trimmed:                       0 bp (0.0%)
  Read 1:             0 bp
  Read 2:             0 bp
Total written (filtered):     17,500,224 bp (88.5%)
  Read 1:     8,769,015 bp
  Read 2:     8,731,209 bp

=== First read: Adapter 1 ===

Sequence: GTGYCAGCMGCCGCGGTAA; Type: regular 5'; Length: 19; Trimmed: 38343 times

Minimum overlap: 3
No. of allowed errors:
1-9 bp: 0; 10-19 bp: 1

Overview of removed sequences
length	count	expect	max.err	error counts
3	30	615.6	0	30
4	5	153.9	0	5
5	1	38.5	0	1
8	1	0.6	0	1
13	2	0.0	1	2
14	2	0.0	1	0 2
15	3	0.0	1	3
16	2	0.0	1	0 2
17	4	0.0	1	1 3
18	134	0.0	1	7 127
19	38080	0.0	1	36441 1639
20	79	0.0	1	16 63


=== Second read: Adapter 2 ===

Sequence: GGACTACNVGGGTWTCTAAT; Type: regular 5'; Length: 20; Trimmed: 37997 times

Minimum overlap: 3
No. of allowed errors:
1-9 bp: 0; 10-19 bp: 1

Overview of removed sequences
length	count	expect	max.err	error counts
3	20	615.6	0	20
4	7	153.9	0	7
5	1	38.5	0	1
16	2	0.0	1	2
17	1	0.0	1	1
18	1	0.0	1	1
19	287	0.0	1	38 249
20	37583	0.0	1	35872 1711
21	85	0.0	1	10 75
22	4	0.0	1	2 2
24	1	0.0	1	1
37	3	0.0	1	3
51	1	0.0	1	0 1
52	1	0.0	1	0 1
This is cutadapt 5.2 with Python 3.12.13
Command line parameters: -u 0 --error-rate 0.1 --times 1 --overlap 3 --minimum-length 1 -q 0,0 --quality-base 33 --cores 14 -o /tmp/qiime2/root/processes/2263566-1779166962.1@root/tmp/rachis-OutPath-94iiqdiw/SS059_20_L001_R1_001.fastq.gz -p /tmp/qiime2/root/processes/2263566-1779166962.1@root/tmp/rachis-OutPath-94iiqdiw/SS059_56_L001_R2_001.fastq.gz --front GTGYCAGCMGCCGCGGTAA -G GGACTACNVGGGTWTCTAAT -U 0 --discard-untrimmed /tmp/qiime2/root/data/509177b1-aa9b-4512-b4b2-9a3fd46d8cc1/data/SS059_20_L001_R1_001.fastq.gz /tmp/qiime2/root/data/509177b1-aa9b-4512-b4b2-9a3fd46d8cc1/data/SS059_56_L001_R2_001.fastq.gz
Processing paired-end reads on 14 cores ...

=== Summary ===

Total read pairs processed:             67,556
  Read 1 with adapter:                  65,821 (97.4%)
  Read 2 with adapter:                  64,793 (95.9%)

== Read fate breakdown ==
Pairs that were too short:                   0 (0.0%)
Pairs discarded as untrimmed:            3,074 (4.6%)
Pairs written (passing filters):        64,482 (95.4%)

Total basepairs processed:    33,913,112 bp
  Read 1:    16,956,556 bp
  Read 2:    16,956,556 bp
Quality-trimmed:                       0 bp (0.0%)
  Read 1:             0 bp
  Read 2:             0 bp
Total written (filtered):     29,854,634 bp (88.0%)
  Read 1:    14,960,038 bp
  Read 2:    14,894,596 bp

=== First read: Adapter 1 ===

Sequence: GTGYCAGCMGCCGCGGTAA; Type: regular 5'; Length: 19; Trimmed: 65821 times

Minimum overlap: 3
No. of allowed errors:
1-9 bp: 0; 10-19 bp: 1

Overview of removed sequences
length	count	expect	max.err	error counts
3	31	1055.6	0	31
4	4	263.9	0	4
5	1	66.0	0	1
6	2	16.5	0	2
8	2	1.0	0	2
12	2	0.0	1	2
14	2	0.0	1	0 2
15	1	0.0	1	1
16	2	0.0	1	0 2
17	3	0.0	1	2 1
18	259	0.0	1	12 247
19	65364	0.0	1	62512 2852
20	148	0.0	1	24 124


=== Second read: Adapter 2 ===

Sequence: GGACTACNVGGGTWTCTAAT; Type: regular 5'; Length: 20; Trimmed: 64793 times

Minimum overlap: 3
No. of allowed errors:
1-9 bp: 0; 10-19 bp: 1

Overview of removed sequences
length	count	expect	max.err	error counts
3	43	1055.6	0	43
4	16	263.9	0	16
5	1	66.0	0	1
6	1	16.5	0	1
11	2	0.0	1	0 2
12	1	0.0	1	1
14	1	0.0	1	0 1
15	2	0.0	1	1 1
16	2	0.0	1	0 2
17	2	0.0	1	1 1
19	463	0.0	1	48 415
20	64070	0.0	1	61481 2589
21	152	0.0	1	21 131
51	21	0.0	1	5 16
52	16	0.0	1	1 15
This is cutadapt 5.2 with Python 3.12.13
Command line parameters: -u 0 --error-rate 0.1 --times 1 --overlap 3 --minimum-length 1 -q 0,0 --quality-base 33 --cores 14 -o /tmp/qiime2/root/processes/2263566-1779166962.1@root/tmp/rachis-OutPath-94iiqdiw/SS063_21_L001_R1_001.fastq.gz -p /tmp/qiime2/root/processes/2263566-1779166962.1@root/tmp/rachis-OutPath-94iiqdiw/SS063_57_L001_R2_001.fastq.gz --front GTGYCAGCMGCCGCGGTAA -G GGACTACNVGGGTWTCTAAT -U 0 --discard-untrimmed /tmp/qiime2/root/data/509177b1-aa9b-4512-b4b2-9a3fd46d8cc1/data/SS063_21_L001_R1_001.fastq.gz /tmp/qiime2/root/data/509177b1-aa9b-4512-b4b2-9a3fd46d8cc1/data/SS063_57_L001_R2_001.fastq.gz
Processing paired-end reads on 14 cores ...

=== Summary ===

Total read pairs processed:             66,884
  Read 1 with adapter:                  65,195 (97.5%)
  Read 2 with adapter:                  64,580 (96.6%)

== Read fate breakdown ==
Pairs that were too short:                   0 (0.0%)
Pairs discarded as untrimmed:            2,592 (3.9%)
Pairs written (passing filters):        64,292 (96.1%)

Total basepairs processed:    33,575,768 bp
  Read 1:    16,787,884 bp
  Read 2:    16,787,884 bp
Quality-trimmed:                       0 bp (0.0%)
  Read 1:             0 bp
  Read 2:             0 bp
Total written (filtered):     29,767,678 bp (88.7%)
  Read 1:    14,915,917 bp
  Read 2:    14,851,761 bp

=== First read: Adapter 1 ===

Sequence: GTGYCAGCMGCCGCGGTAA; Type: regular 5'; Length: 19; Trimmed: 65195 times

Minimum overlap: 3
No. of allowed errors:
1-9 bp: 0; 10-19 bp: 1

Overview of removed sequences
length	count	expect	max.err	error counts
3	33	1045.1	0	33
4	3	261.3	0	3
6	1	16.3	0	1
10	4	0.1	1	4
11	1	0.0	1	1
13	1	0.0	1	1
15	2	0.0	1	0 2
16	2	0.0	1	2
17	3	0.0	1	2 1
18	238	0.0	1	10 228
19	64755	0.0	1	62048 2707
20	152	0.0	1	25 127


=== Second read: Adapter 2 ===

Sequence: GGACTACNVGGGTWTCTAAT; Type: regular 5'; Length: 20; Trimmed: 64580 times

Minimum overlap: 3
No. of allowed errors:
1-9 bp: 0; 10-19 bp: 1

Overview of removed sequences
length	count	expect	max.err	error counts
3	44	1045.1	0	44
4	17	261.3	0	17
5	1	65.3	0	1
6	2	16.3	0	2
11	1	0.0	1	1
14	1	0.0	1	0 1
15	2	0.0	1	2
17	1	0.0	1	1
18	4	0.0	1	3 1
19	389	0.0	1	37 352
20	63972	0.0	1	61584 2388
21	137	0.0	1	30 107
44	1	0.0	1	0 1
50	1	0.0	1	0 1
51	2	0.0	1	0 2
52	5	0.0	1	1 4
This is cutadapt 5.2 with Python 3.12.13
Command line parameters: -u 0 --error-rate 0.1 --times 1 --overlap 3 --minimum-length 1 -q 0,0 --quality-base 33 --cores 14 -o /tmp/qiime2/root/processes/2263566-1779166962.1@root/tmp/rachis-OutPath-94iiqdiw/SS064_22_L001_R1_001.fastq.gz -p /tmp/qiime2/root/processes/2263566-1779166962.1@root/tmp/rachis-OutPath-94iiqdiw/SS064_58_L001_R2_001.fastq.gz --front GTGYCAGCMGCCGCGGTAA -G GGACTACNVGGGTWTCTAAT -U 0 --discard-untrimmed /tmp/qiime2/root/data/509177b1-aa9b-4512-b4b2-9a3fd46d8cc1/data/SS064_22_L001_R1_001.fastq.gz /tmp/qiime2/root/data/509177b1-aa9b-4512-b4b2-9a3fd46d8cc1/data/SS064_58_L001_R2_001.fastq.gz
Processing paired-end reads on 14 cores ...

=== Summary ===

Total read pairs processed:             48,595
  Read 1 with adapter:                  47,364 (97.5%)
  Read 2 with adapter:                  46,735 (96.2%)

== Read fate breakdown ==
Pairs that were too short:                   0 (0.0%)
Pairs discarded as untrimmed:            2,077 (4.3%)
Pairs written (passing filters):        46,518 (95.7%)

Total basepairs processed:    24,394,690 bp
  Read 1:    12,197,345 bp
  Read 2:    12,197,345 bp
Quality-trimmed:                       0 bp (0.0%)
  Read 1:             0 bp
  Read 2:             0 bp
Total written (filtered):     21,538,324 bp (88.3%)
  Read 1:    10,792,313 bp
  Read 2:    10,746,011 bp

=== First read: Adapter 1 ===

Sequence: GTGYCAGCMGCCGCGGTAA; Type: regular 5'; Length: 19; Trimmed: 47364 times

Minimum overlap: 3
No. of allowed errors:
1-9 bp: 0; 10-19 bp: 1

Overview of removed sequences
length	count	expect	max.err	error counts
3	18	759.3	0	18
4	9	189.8	0	9
5	1	47.5	0	1
6	1	11.9	0	1
13	4	0.0	1	2 2
14	3	0.0	1	1 2
15	1	0.0	1	0 1
17	5	0.0	1	5
18	174	0.0	1	5 169
19	47043	0.0	1	45023 2020
20	105	0.0	1	13 92


=== Second read: Adapter 2 ===

Sequence: GGACTACNVGGGTWTCTAAT; Type: regular 5'; Length: 20; Trimmed: 46735 times

Minimum overlap: 3
No. of allowed errors:
1-9 bp: 0; 10-19 bp: 1

Overview of removed sequences
length	count	expect	max.err	error counts
3	54	759.3	0	54
4	10	189.8	0	10
5	1	47.5	0	1
6	1	11.9	0	1
14	3	0.0	1	2 1
15	1	0.0	1	1
16	3	0.0	1	2 1
17	7	0.0	1	7
18	1	0.0	1	1
19	295	0.0	1	35 260
20	46226	0.0	1	44699 1527
21	123	0.0	1	11 112
51	4	0.0	1	0 4
52	5	0.0	1	0 5
53	1	0.0	1	0 1
This is cutadapt 5.2 with Python 3.12.13
Command line parameters: -u 0 --error-rate 0.1 --times 1 --overlap 3 --minimum-length 1 -q 0,0 --quality-base 33 --cores 14 -o /tmp/qiime2/root/processes/2263566-1779166962.1@root/tmp/rachis-OutPath-94iiqdiw/SS066_23_L001_R1_001.fastq.gz -p /tmp/qiime2/root/processes/2263566-1779166962.1@root/tmp/rachis-OutPath-94iiqdiw/SS066_59_L001_R2_001.fastq.gz --front GTGYCAGCMGCCGCGGTAA -G GGACTACNVGGGTWTCTAAT -U 0 --discard-untrimmed /tmp/qiime2/root/data/509177b1-aa9b-4512-b4b2-9a3fd46d8cc1/data/SS066_23_L001_R1_001.fastq.gz /tmp/qiime2/root/data/509177b1-aa9b-4512-b4b2-9a3fd46d8cc1/data/SS066_59_L001_R2_001.fastq.gz
Processing paired-end reads on 14 cores ...

=== Summary ===

Total read pairs processed:             67,581
  Read 1 with adapter:                  65,823 (97.4%)
  Read 2 with adapter:                  65,199 (96.5%)

== Read fate breakdown ==
Pairs that were too short:                   0 (0.0%)
Pairs discarded as untrimmed:            2,701 (4.0%)
Pairs written (passing filters):        64,880 (96.0%)

Total basepairs processed:    33,925,662 bp
  Read 1:    16,962,831 bp
  Read 2:    16,962,831 bp
Quality-trimmed:                       0 bp (0.0%)
  Read 1:             0 bp
  Read 2:             0 bp
Total written (filtered):     30,039,980 bp (88.5%)
  Read 1:    15,052,304 bp
  Read 2:    14,987,676 bp

=== First read: Adapter 1 ===

Sequence: GTGYCAGCMGCCGCGGTAA; Type: regular 5'; Length: 19; Trimmed: 65823 times

Minimum overlap: 3
No. of allowed errors:
1-9 bp: 0; 10-19 bp: 1

Overview of removed sequences
length	count	expect	max.err	error counts
3	37	1056.0	0	37
4	7	264.0	0	7
7	1	4.1	0	1
10	1	0.1	1	1
14	4	0.0	1	0 4
15	4	0.0	1	4
16	1	0.0	1	0 1
17	5	0.0	1	3 2
18	182	0.0	1	12 170
19	65467	0.0	1	62650 2817
20	113	0.0	1	10 103
36	1	0.0	1	1


=== Second read: Adapter 2 ===

Sequence: GGACTACNVGGGTWTCTAAT; Type: regular 5'; Length: 20; Trimmed: 65199 times

Minimum overlap: 3
No. of allowed errors:
1-9 bp: 0; 10-19 bp: 1

Overview of removed sequences
length	count	expect	max.err	error counts
3	36	1056.0	0	36
4	14	264.0	0	14
5	2	66.0	0	2
6	1	16.5	0	1
9	3	0.3	0	3
12	1	0.0	1	1
15	3	0.0	1	3
16	3	0.0	1	3
18	1	0.0	1	1
19	389	0.0	1	56 333
20	64582	0.0	1	62505 2077
21	162	0.0	1	35 127
52	2	0.0	1	0 2
This is cutadapt 5.2 with Python 3.12.13
Command line parameters: -u 0 --error-rate 0.1 --times 1 --overlap 3 --minimum-length 1 -q 0,0 --quality-base 33 --cores 14 -o /tmp/qiime2/root/processes/2263566-1779166962.1@root/tmp/rachis-OutPath-94iiqdiw/SS070_24_L001_R1_001.fastq.gz -p /tmp/qiime2/root/processes/2263566-1779166962.1@root/tmp/rachis-OutPath-94iiqdiw/SS070_60_L001_R2_001.fastq.gz --front GTGYCAGCMGCCGCGGTAA -G GGACTACNVGGGTWTCTAAT -U 0 --discard-untrimmed /tmp/qiime2/root/data/509177b1-aa9b-4512-b4b2-9a3fd46d8cc1/data/SS070_24_L001_R1_001.fastq.gz /tmp/qiime2/root/data/509177b1-aa9b-4512-b4b2-9a3fd46d8cc1/data/SS070_60_L001_R2_001.fastq.gz
Processing paired-end reads on 14 cores ...

=== Summary ===

Total read pairs processed:             34,577
  Read 1 with adapter:                  33,725 (97.5%)
  Read 2 with adapter:                  33,481 (96.8%)

== Read fate breakdown ==
Pairs that were too short:                   0 (0.0%)
Pairs discarded as untrimmed:            1,260 (3.6%)
Pairs written (passing filters):        33,317 (96.4%)

Total basepairs processed:    17,357,654 bp
  Read 1:     8,678,827 bp
  Read 2:     8,678,827 bp
Quality-trimmed:                       0 bp (0.0%)
  Read 1:             0 bp
  Read 2:             0 bp
Total written (filtered):     15,425,832 bp (88.9%)
  Read 1:     7,729,597 bp
  Read 2:     7,696,235 bp

=== First read: Adapter 1 ===

Sequence: GTGYCAGCMGCCGCGGTAA; Type: regular 5'; Length: 19; Trimmed: 33725 times

Minimum overlap: 3
No. of allowed errors:
1-9 bp: 0; 10-19 bp: 1

Overview of removed sequences
length	count	expect	max.err	error counts
3	13	540.3	0	13
4	1	135.1	0	1
5	1	33.8	0	1
17	3	0.0	1	0 3
18	101	0.0	1	2 99
19	33535	0.0	1	32069 1466
20	71	0.0	1	14 57


=== Second read: Adapter 2 ===

Sequence: GGACTACNVGGGTWTCTAAT; Type: regular 5'; Length: 20; Trimmed: 33481 times

Minimum overlap: 3
No. of allowed errors:
1-9 bp: 0; 10-19 bp: 1

Overview of removed sequences
length	count	expect	max.err	error counts
3	19	540.3	0	19
4	6	135.1	0	6
15	2	0.0	1	2
19	250	0.0	1	35 215
20	33124	0.0	1	31966 1158
21	74	0.0	1	19 55
51	1	0.0	1	0 1
52	4	0.0	1	0 4
53	1	0.0	1	0 1
This is cutadapt 5.2 with Python 3.12.13
Command line parameters: -u 0 --error-rate 0.1 --times 1 --overlap 3 --minimum-length 1 -q 0,0 --quality-base 33 --cores 14 -o /tmp/qiime2/root/processes/2263566-1779166962.1@root/tmp/rachis-OutPath-94iiqdiw/SS071_25_L001_R1_001.fastq.gz -p /tmp/qiime2/root/processes/2263566-1779166962.1@root/tmp/rachis-OutPath-94iiqdiw/SS071_61_L001_R2_001.fastq.gz --front GTGYCAGCMGCCGCGGTAA -G GGACTACNVGGGTWTCTAAT -U 0 --discard-untrimmed /tmp/qiime2/root/data/509177b1-aa9b-4512-b4b2-9a3fd46d8cc1/data/SS071_25_L001_R1_001.fastq.gz /tmp/qiime2/root/data/509177b1-aa9b-4512-b4b2-9a3fd46d8cc1/data/SS071_61_L001_R2_001.fastq.gz
Processing paired-end reads on 14 cores ...

=== Summary ===

Total read pairs processed:             66,861
  Read 1 with adapter:                  65,257 (97.6%)
  Read 2 with adapter:                  64,919 (97.1%)

== Read fate breakdown ==
Pairs that were too short:                   0 (0.0%)
Pairs discarded as untrimmed:            2,238 (3.3%)
Pairs written (passing filters):        64,623 (96.7%)

Total basepairs processed:    33,564,222 bp
  Read 1:    16,782,111 bp
  Read 2:    16,782,111 bp
Quality-trimmed:                       0 bp (0.0%)
  Read 1:             0 bp
  Read 2:             0 bp
Total written (filtered):     29,921,070 bp (89.1%)
  Read 1:    14,992,638 bp
  Read 2:    14,928,432 bp

=== First read: Adapter 1 ===

Sequence: GTGYCAGCMGCCGCGGTAA; Type: regular 5'; Length: 19; Trimmed: 65257 times

Minimum overlap: 3
No. of allowed errors:
1-9 bp: 0; 10-19 bp: 1

Overview of removed sequences
length	count	expect	max.err	error counts
3	21	1044.7	0	21
4	6	261.2	0	6
5	1	65.3	0	1
7	1	4.1	0	1
9	1	0.3	0	1
12	2	0.0	1	2
13	2	0.0	1	2
14	1	0.0	1	1
17	11	0.0	1	7 4
18	189	0.0	1	6 183
19	64859	0.0	1	61961 2898
20	162	0.0	1	27 135
38	1	0.0	1	1


=== Second read: Adapter 2 ===

Sequence: GGACTACNVGGGTWTCTAAT; Type: regular 5'; Length: 20; Trimmed: 64919 times

Minimum overlap: 3
No. of allowed errors:
1-9 bp: 0; 10-19 bp: 1

Overview of removed sequences
length	count	expect	max.err	error counts
3	32	1044.7	0	32
4	11	261.2	0	11
5	1	65.3	0	1
6	2	16.3	0	2
8	1	1.0	0	1
11	3	0.0	1	0 3
12	2	0.0	1	2
13	2	0.0	1	2
15	1	0.0	1	1
16	3	0.0	1	0 3
17	2	0.0	1	0 2
18	2	0.0	1	0 2
19	451	0.0	1	66 385
20	64257	0.0	1	62163 2094
21	149	0.0	1	24 125
 cutadapt -u 0 --error-rate 0.1 --times 1 --overlap 3 --minimum-length 1 -q 0,0 --quality-base 33 --cores 14 -o /tmp/qiime2/root/processes/2263566-1779166962.1@root/tmp/rachis-OutPath-94iiqdiw/SS040_13_L001_R1_001.fastq.gz -p /tmp/qiime2/root/processes/2263566-1779166962.1@root/tmp/rachis-OutPath-94iiqdiw/SS040_49_L001_R2_001.fastq.gz --front GTGYCAGCMGCCGCGGTAA -G GGACTACNVGGGTWTCTAAT -U 0 --discard-untrimmed /tmp/qiime2/root/data/509177b1-aa9b-4512-b4b2-9a3fd46d8cc1/data/SS040_13_L001_R1_001.fastq.gz /tmp/qiime2/root/data/509177b1-aa9b-4512-b4b2-9a3fd46d8cc1/data/SS040_49_L001_R2_001.fastq.gz


Command: cutadapt -u 0 --error-rate 0.1 --times 1 --overlap 3 --minimum-length 1 -q 0,0 --quality-base 33 --cores 14 -o /tmp/qiime2/root/processes/2263566-1779166962.1@root/tmp/rachis-OutPath-94iiqdiw/SS043_14_L001_R1_001.fastq.gz -p /tmp/qiime2/root/processes/2263566-1779166962.1@root/tmp/rachis-OutPath-94iiqdiw/SS043_50_L001_R2_001.fastq.gz --front GTGYCAGCMGCCGCGGTAA -G GGACTACNVGGGTWTCTAAT -U 0 --discard-untrimmed /tmp/qiime2/root/data/509177b1-aa9b-4512-b4b2-9a3fd46d8cc1/data/SS043_14_L001_R1_001.fastq.gz /tmp/qiime2/root/data/509177b1-aa9b-4512-b4b2-9a3fd46d8cc1/data/SS043_50_L001_R2_001.fastq.gz


Command: cutadapt -u 0 --error-rate 0.1 --times 1 --overlap 3 --minimum-length 1 -q 0,0 --quality-base 33 --cores 14 -o /tmp/qiime2/root/processes/2263566-1779166962.1@root/tmp/rachis-OutPath-94iiqdiw/SS047_15_L001_R1_001.fastq.gz -p /tmp/qiime2/root/processes/2263566-1779166962.1@root/tmp/rachis-OutPath-94iiqdiw/SS047_51_L001_R2_001.fastq.gz --front GTGYCAGCMGCCGCGGTAA -G GGACTACNVGGGTWTCTAAT -U 0 --discard-untrimmed /tmp/qiime2/root/data/509177b1-aa9b-4512-b4b2-9a3fd46d8cc1/data/SS047_15_L001_R1_001.fastq.gz /tmp/qiime2/root/data/509177b1-aa9b-4512-b4b2-9a3fd46d8cc1/data/SS047_51_L001_R2_001.fastq.gz


Command: cutadapt -u 0 --error-rate 0.1 --times 1 --overlap 3 --minimum-length 1 -q 0,0 --quality-base 33 --cores 14 -o /tmp/qiime2/root/processes/2263566-1779166962.1@root/tmp/rachis-OutPath-94iiqdiw/SS051_16_L001_R1_001.fastq.gz -p /tmp/qiime2/root/processes/2263566-1779166962.1@root/tmp/rachis-OutPath-94iiqdiw/SS051_52_L001_R2_001.fastq.gz --front GTGYCAGCMGCCGCGGTAA -G GGACTACNVGGGTWTCTAAT -U 0 --discard-untrimmed /tmp/qiime2/root/data/509177b1-aa9b-4512-b4b2-9a3fd46d8cc1/data/SS051_16_L001_R1_001.fastq.gz /tmp/qiime2/root/data/509177b1-aa9b-4512-b4b2-9a3fd46d8cc1/data/SS051_52_L001_R2_001.fastq.gz


Command: cutadapt -u 0 --error-rate 0.1 --times 1 --overlap 3 --minimum-length 1 -q 0,0 --quality-base 33 --cores 14 -o /tmp/qiime2/root/processes/2263566-1779166962.1@root/tmp/rachis-OutPath-94iiqdiw/SS052_17_L001_R1_001.fastq.gz -p /tmp/qiime2/root/processes/2263566-1779166962.1@root/tmp/rachis-OutPath-94iiqdiw/SS052_53_L001_R2_001.fastq.gz --front GTGYCAGCMGCCGCGGTAA -G GGACTACNVGGGTWTCTAAT -U 0 --discard-untrimmed /tmp/qiime2/root/data/509177b1-aa9b-4512-b4b2-9a3fd46d8cc1/data/SS052_17_L001_R1_001.fastq.gz /tmp/qiime2/root/data/509177b1-aa9b-4512-b4b2-9a3fd46d8cc1/data/SS052_53_L001_R2_001.fastq.gz


Command: cutadapt -u 0 --error-rate 0.1 --times 1 --overlap 3 --minimum-length 1 -q 0,0 --quality-base 33 --cores 14 -o /tmp/qiime2/root/processes/2263566-1779166962.1@root/tmp/rachis-OutPath-94iiqdiw/SS054_18_L001_R1_001.fastq.gz -p /tmp/qiime2/root/processes/2263566-1779166962.1@root/tmp/rachis-OutPath-94iiqdiw/SS054_54_L001_R2_001.fastq.gz --front GTGYCAGCMGCCGCGGTAA -G GGACTACNVGGGTWTCTAAT -U 0 --discard-untrimmed /tmp/qiime2/root/data/509177b1-aa9b-4512-b4b2-9a3fd46d8cc1/data/SS054_18_L001_R1_001.fastq.gz /tmp/qiime2/root/data/509177b1-aa9b-4512-b4b2-9a3fd46d8cc1/data/SS054_54_L001_R2_001.fastq.gz


Command: cutadapt -u 0 --error-rate 0.1 --times 1 --overlap 3 --minimum-length 1 -q 0,0 --quality-base 33 --cores 14 -o /tmp/qiime2/root/processes/2263566-1779166962.1@root/tmp/rachis-OutPath-94iiqdiw/SS055_19_L001_R1_001.fastq.gz -p /tmp/qiime2/root/processes/2263566-1779166962.1@root/tmp/rachis-OutPath-94iiqdiw/SS055_55_L001_R2_001.fastq.gz --front GTGYCAGCMGCCGCGGTAA -G GGACTACNVGGGTWTCTAAT -U 0 --discard-untrimmed /tmp/qiime2/root/data/509177b1-aa9b-4512-b4b2-9a3fd46d8cc1/data/SS055_19_L001_R1_001.fastq.gz /tmp/qiime2/root/data/509177b1-aa9b-4512-b4b2-9a3fd46d8cc1/data/SS055_55_L001_R2_001.fastq.gz


Command: cutadapt -u 0 --error-rate 0.1 --times 1 --overlap 3 --minimum-length 1 -q 0,0 --quality-base 33 --cores 14 -o /tmp/qiime2/root/processes/2263566-1779166962.1@root/tmp/rachis-OutPath-94iiqdiw/SS059_20_L001_R1_001.fastq.gz -p /tmp/qiime2/root/processes/2263566-1779166962.1@root/tmp/rachis-OutPath-94iiqdiw/SS059_56_L001_R2_001.fastq.gz --front GTGYCAGCMGCCGCGGTAA -G GGACTACNVGGGTWTCTAAT -U 0 --discard-untrimmed /tmp/qiime2/root/data/509177b1-aa9b-4512-b4b2-9a3fd46d8cc1/data/SS059_20_L001_R1_001.fastq.gz /tmp/qiime2/root/data/509177b1-aa9b-4512-b4b2-9a3fd46d8cc1/data/SS059_56_L001_R2_001.fastq.gz


Command: cutadapt -u 0 --error-rate 0.1 --times 1 --overlap 3 --minimum-length 1 -q 0,0 --quality-base 33 --cores 14 -o /tmp/qiime2/root/processes/2263566-1779166962.1@root/tmp/rachis-OutPath-94iiqdiw/SS063_21_L001_R1_001.fastq.gz -p /tmp/qiime2/root/processes/2263566-1779166962.1@root/tmp/rachis-OutPath-94iiqdiw/SS063_57_L001_R2_001.fastq.gz --front GTGYCAGCMGCCGCGGTAA -G GGACTACNVGGGTWTCTAAT -U 0 --discard-untrimmed /tmp/qiime2/root/data/509177b1-aa9b-4512-b4b2-9a3fd46d8cc1/data/SS063_21_L001_R1_001.fastq.gz /tmp/qiime2/root/data/509177b1-aa9b-4512-b4b2-9a3fd46d8cc1/data/SS063_57_L001_R2_001.fastq.gz


Command: cutadapt -u 0 --error-rate 0.1 --times 1 --overlap 3 --minimum-length 1 -q 0,0 --quality-base 33 --cores 14 -o /tmp/qiime2/root/processes/2263566-1779166962.1@root/tmp/rachis-OutPath-94iiqdiw/SS064_22_L001_R1_001.fastq.gz -p /tmp/qiime2/root/processes/2263566-1779166962.1@root/tmp/rachis-OutPath-94iiqdiw/SS064_58_L001_R2_001.fastq.gz --front GTGYCAGCMGCCGCGGTAA -G GGACTACNVGGGTWTCTAAT -U 0 --discard-untrimmed /tmp/qiime2/root/data/509177b1-aa9b-4512-b4b2-9a3fd46d8cc1/data/SS064_22_L001_R1_001.fastq.gz /tmp/qiime2/root/data/509177b1-aa9b-4512-b4b2-9a3fd46d8cc1/data/SS064_58_L001_R2_001.fastq.gz


Command: cutadapt -u 0 --error-rate 0.1 --times 1 --overlap 3 --minimum-length 1 -q 0,0 --quality-base 33 --cores 14 -o /tmp/qiime2/root/processes/2263566-1779166962.1@root/tmp/rachis-OutPath-94iiqdiw/SS066_23_L001_R1_001.fastq.gz -p /tmp/qiime2/root/processes/2263566-1779166962.1@root/tmp/rachis-OutPath-94iiqdiw/SS066_59_L001_R2_001.fastq.gz --front GTGYCAGCMGCCGCGGTAA -G GGACTACNVGGGTWTCTAAT -U 0 --discard-untrimmed /tmp/qiime2/root/data/509177b1-aa9b-4512-b4b2-9a3fd46d8cc1/data/SS066_23_L001_R1_001.fastq.gz /tmp/qiime2/root/data/509177b1-aa9b-4512-b4b2-9a3fd46d8cc1/data/SS066_59_L001_R2_001.fastq.gz


Command: cutadapt -u 0 --error-rate 0.1 --times 1 --overlap 3 --minimum-length 1 -q 0,0 --quality-base 33 --cores 14 -o /tmp/qiime2/root/processes/2263566-1779166962.1@root/tmp/rachis-OutPath-94iiqdiw/SS070_24_L001_R1_001.fastq.gz -p /tmp/qiime2/root/processes/2263566-1779166962.1@root/tmp/rachis-OutPath-94iiqdiw/SS070_60_L001_R2_001.fastq.gz --front GTGYCAGCMGCCGCGGTAA -G GGACTACNVGGGTWTCTAAT -U 0 --discard-untrimmed /tmp/qiime2/root/data/509177b1-aa9b-4512-b4b2-9a3fd46d8cc1/data/SS070_24_L001_R1_001.fastq.gz /tmp/qiime2/root/data/509177b1-aa9b-4512-b4b2-9a3fd46d8cc1/data/SS070_60_L001_R2_001.fastq.gz


Command: cutadapt -u 0 --error-rate 0.1 --times 1 --overlap 3 --minimum-length 1 -q 0,0 --quality-base 33 --cores 14 -o /tmp/qiime2/root/processes/2263566-1779166962.1@root/tmp/rachis-OutPath-94iiqdiw/SS071_25_L001_R1_001.fastq.gz -p /tmp/qiime2/root/processes/2263566-1779166962.1@root/tmp/rachis-OutPath-94iiqdiw/SS071_61_L001_R2_001.fastq.gz --front GTGYCAGCMGCCGCGGTAA -G GGACTACNVGGGTWTCTAAT -U 0 --discard-untrimmed /tmp/qiime2/root/data/509177b1-aa9b-4512-b4b2-9a3fd46d8cc1/data/SS071_25_L001_R1_001.fastq.gz /tmp/qiime2/root/data/509177b1-aa9b-4512-b4b2-9a3fd46d8cc1/data/SS071_61_L001_R2_001.fastq.gz


Command: cutadapt -u 0 --error-rate 0.1 --times 1 --overlap 3 --minimum-length 1 -q 0,0 --quality-base 33 --cores 14 -o /tmp/qiime2/root/processes/2263566-1779166962.1@root/tmp/rachis-OutPath-94iiqdiw/SS075_26_L001_R1_001.fastq.gz -p /tmp/qiime2/root/processes/2263566-1779166962.1@root/tmp/rachis-OutPath-94iiqdiw/SS075_62_L001_R2_001.fastq.gz --front GTGYCAGCMGCCGCGGTAA -G GGACTACNVGGGTWTCTAAT -U 0 --discard-untrimmed /tmp/qiime2/root/data/509177b1-aa9b-4512-b4b2-9a3fd46d8cc1/data/SS075_26_L001_R1_001.fastq.gz /tmp/qiime2/root/data/509177b1-aa9b-4512-b4b2-9a3fd46d8cc1/data/SS075_62_L001_R2_001.fastq.gzThis is cutadapt 5.2 with Python 3.12.13
Command line parameters: -u 0 --error-rate 0.1 --times 1 --overlap 3 --minimum-length 1 -q 0,0 --quality-base 33 --cores 14 -o /tmp/qiime2/root/processes/2263566-1779166962.1@root/tmp/rachis-OutPath-94iiqdiw/SS075_26_L001_R1_001.fastq.gz -p /tmp/qiime2/root/processes/2263566-1779166962.1@root/tmp/rachis-OutPath-94iiqdiw/SS075_62_L001_R2_001.fastq.gz --front GTGYCAGCMGCCGCGGTAA -G GGACTACNVGGGTWTCTAAT -U 0 --discard-untrimmed /tmp/qiime2/root/data/509177b1-aa9b-4512-b4b2-9a3fd46d8cc1/data/SS075_26_L001_R1_001.fastq.gz /tmp/qiime2/root/data/509177b1-aa9b-4512-b4b2-9a3fd46d8cc1/data/SS075_62_L001_R2_001.fastq.gz
Processing paired-end reads on 14 cores ...

=== Summary ===

Total read pairs processed:             40,679
  Read 1 with adapter:                  39,735 (97.7%)
  Read 2 with adapter:                  39,570 (97.3%)

== Read fate breakdown ==
Pairs that were too short:                   0 (0.0%)
Pairs discarded as untrimmed:            1,301 (3.2%)
Pairs written (passing filters):        39,378 (96.8%)

Total basepairs processed:    20,420,858 bp
  Read 1:    10,210,429 bp
  Read 2:    10,210,429 bp
Quality-trimmed:                       0 bp (0.0%)
  Read 1:             0 bp
  Read 2:             0 bp
Total written (filtered):     18,232,246 bp (89.3%)
  Read 1:     9,135,792 bp
  Read 2:     9,096,454 bp

=== First read: Adapter 1 ===

Sequence: GTGYCAGCMGCCGCGGTAA; Type: regular 5'; Length: 19; Trimmed: 39735 times

Minimum overlap: 3
No. of allowed errors:
1-9 bp: 0; 10-19 bp: 1

Overview of removed sequences
length	count	expect	max.err	error counts
3	13	635.6	0	13
17	7	0.0	1	5 2
18	149	0.0	1	7 142
19	39506	0.0	1	37794 1712
20	59	0.0	1	13 46
42	1	0.0	1	1


=== Second read: Adapter 2 ===

Sequence: GGACTACNVGGGTWTCTAAT; Type: regular 5'; Length: 20; Trimmed: 39570 times

Minimum overlap: 3
No. of allowed errors:
1-9 bp: 0; 10-19 bp: 1

Overview of removed sequences
length	count	expect	max.err	error counts
3	29	635.6	0	29
4	6	158.9	0	6
5	2	39.7	0	2
6	1	9.9	0	1
14	1	0.0	1	0 1
18	4	0.0	1	2 2
19	250	0.0	1	30 220
20	39178	0.0	1	37918 1260
21	97	0.0	1	14 83
52	2	0.0	1	0 2
This is cutadapt 5.2 with Python 3.12.13
Command line parameters: -u 0 --error-rate 0.1 --times 1 --overlap 3 --minimum-length 1 -q 0,0 --quality-base 33 --cores 14 -o /tmp/qiime2/root/processes/2263566-1779166962.1@root/tmp/rachis-OutPath-94iiqdiw/SS076_27_L001_R1_001.fastq.gz -p /tmp/qiime2/root/processes/2263566-1779166962.1@root/tmp/rachis-OutPath-94iiqdiw/SS076_63_L001_R2_001.fastq.gz --front GTGYCAGCMGCCGCGGTAA -G GGACTACNVGGGTWTCTAAT -U 0 --discard-untrimmed /tmp/qiime2/root/data/509177b1-aa9b-4512-b4b2-9a3fd46d8cc1/data/SS076_27_L001_R1_001.fastq.gz /tmp/qiime2/root/data/509177b1-aa9b-4512-b4b2-9a3fd46d8cc1/data/SS076_63_L001_R2_001.fastq.gz
Processing paired-end reads on 14 cores ...

=== Summary ===

Total read pairs processed:             26,769
  Read 1 with adapter:                  26,149 (97.7%)
  Read 2 with adapter:                  25,752 (96.2%)

== Read fate breakdown ==
Pairs that were too short:                   0 (0.0%)
Pairs discarded as untrimmed:            1,123 (4.2%)
Pairs written (passing filters):        25,646 (95.8%)

Total basepairs processed:    13,438,038 bp
  Read 1:     6,719,019 bp
  Read 2:     6,719,019 bp
Quality-trimmed:                       0 bp (0.0%)
  Read 1:             0 bp
  Read 2:             0 bp
Total written (filtered):     11,874,182 bp (88.4%)
  Read 1:     5,949,902 bp
  Read 2:     5,924,280 bp

=== First read: Adapter 1 ===

Sequence: GTGYCAGCMGCCGCGGTAA; Type: regular 5'; Length: 19; Trimmed: 26149 times

Minimum overlap: 3
No. of allowed errors:
1-9 bp: 0; 10-19 bp: 1

Overview of removed sequences
length	count	expect	max.err	error counts
3	12	418.3	0	12
4	4	104.6	0	4
5	2	26.1	0	2
17	2	0.0	1	2
18	104	0.0	1	8 96
19	25957	0.0	1	24795 1162
20	67	0.0	1	7 60
30	1	0.0	1	0 1


=== Second read: Adapter 2 ===

Sequence: GGACTACNVGGGTWTCTAAT; Type: regular 5'; Length: 20; Trimmed: 25752 times

Minimum overlap: 3
No. of allowed errors:
1-9 bp: 0; 10-19 bp: 1

Overview of removed sequences
length	count	expect	max.err	error counts
3	12	418.3	0	12
4	3	104.6	0	3
5	2	26.1	0	2
6	2	6.5	0	2
11	3	0.0	1	1 2
14	1	0.0	1	0 1
15	1	0.0	1	1
18	2	0.0	1	0 2
19	147	0.0	1	12 135
20	25495	0.0	1	24294 1201
21	82	0.0	1	8 74
40	1	0.0	1	0 1
52	1	0.0	1	0 1
This is cutadapt 5.2 with Python 3.12.13
Command line parameters: -u 0 --error-rate 0.1 --times 1 --overlap 3 --minimum-length 1 -q 0,0 --quality-base 33 --cores 14 -o /tmp/qiime2/root/processes/2263566-1779166962.1@root/tmp/rachis-OutPath-94iiqdiw/SS078_28_L001_R1_001.fastq.gz -p /tmp/qiime2/root/processes/2263566-1779166962.1@root/tmp/rachis-OutPath-94iiqdiw/SS078_64_L001_R2_001.fastq.gz --front GTGYCAGCMGCCGCGGTAA -G GGACTACNVGGGTWTCTAAT -U 0 --discard-untrimmed /tmp/qiime2/root/data/509177b1-aa9b-4512-b4b2-9a3fd46d8cc1/data/SS078_28_L001_R1_001.fastq.gz /tmp/qiime2/root/data/509177b1-aa9b-4512-b4b2-9a3fd46d8cc1/data/SS078_64_L001_R2_001.fastq.gz
Processing paired-end reads on 14 cores ...

=== Summary ===

Total read pairs processed:             73,084
  Read 1 with adapter:                  71,062 (97.2%)
  Read 2 with adapter:                  70,677 (96.7%)

== Read fate breakdown ==
Pairs that were too short:                   0 (0.0%)
Pairs discarded as untrimmed:            2,787 (3.8%)
Pairs written (passing filters):        70,297 (96.2%)

Total basepairs processed:    36,688,168 bp
  Read 1:    18,344,084 bp
  Read 2:    18,344,084 bp
Quality-trimmed:                       0 bp (0.0%)
  Read 1:             0 bp
  Read 2:             0 bp
Total written (filtered):     32,547,902 bp (88.7%)
  Read 1:    16,309,010 bp
  Read 2:    16,238,892 bp

=== First read: Adapter 1 ===

Sequence: GTGYCAGCMGCCGCGGTAA; Type: regular 5'; Length: 19; Trimmed: 71062 times

Minimum overlap: 3
No. of allowed errors:
1-9 bp: 0; 10-19 bp: 1

Overview of removed sequences
length	count	expect	max.err	error counts
3	32	1141.9	0	32
4	4	285.5	0	4
5	1	71.4	0	1
10	1	0.1	1	1
12	1	0.0	1	1
13	2	0.0	1	0 2
15	2	0.0	1	0 2
16	4	0.0	1	0 4
17	5	0.0	1	5
18	233	0.0	1	6 227
19	70604	0.0	1	67399 3205
20	173	0.0	1	28 145


=== Second read: Adapter 2 ===

Sequence: GGACTACNVGGGTWTCTAAT; Type: regular 5'; Length: 20; Trimmed: 70677 times

Minimum overlap: 3
No. of allowed errors:
1-9 bp: 0; 10-19 bp: 1

Overview of removed sequences
length	count	expect	max.err	error counts
3	39	1141.9	0	39
4	14	285.5	0	14
5	3	71.4	0	3
6	3	17.8	0	3
7	1	4.5	0	1
11	1	0.0	1	1
13	2	0.0	1	2
15	1	0.0	1	0 1
17	2	0.0	1	0 2
18	2	0.0	1	2
19	531	0.0	1	73 458
20	69880	0.0	1	67555 2325
21	186	0.0	1	40 146
22	4	0.0	1	3 1
23	2	0.0	1	2
39	2	0.0	1	2
51	1	0.0	1	0 1
52	3	0.0	1	0 3
This is cutadapt 5.2 with Python 3.12.13
Command line parameters: -u 0 --error-rate 0.1 --times 1 --overlap 3 --minimum-length 1 -q 0,0 --quality-base 33 --cores 14 -o /tmp/qiime2/root/processes/2263566-1779166962.1@root/tmp/rachis-OutPath-94iiqdiw/SS082_29_L001_R1_001.fastq.gz -p /tmp/qiime2/root/processes/2263566-1779166962.1@root/tmp/rachis-OutPath-94iiqdiw/SS082_65_L001_R2_001.fastq.gz --front GTGYCAGCMGCCGCGGTAA -G GGACTACNVGGGTWTCTAAT -U 0 --discard-untrimmed /tmp/qiime2/root/data/509177b1-aa9b-4512-b4b2-9a3fd46d8cc1/data/SS082_29_L001_R1_001.fastq.gz /tmp/qiime2/root/data/509177b1-aa9b-4512-b4b2-9a3fd46d8cc1/data/SS082_65_L001_R2_001.fastq.gz
Processing paired-end reads on 14 cores ...

=== Summary ===

Total read pairs processed:             73,449
  Read 1 with adapter:                  71,721 (97.6%)
  Read 2 with adapter:                  71,361 (97.2%)

== Read fate breakdown ==
Pairs that were too short:                   0 (0.0%)
Pairs discarded as untrimmed:            2,402 (3.3%)
Pairs written (passing filters):        71,047 (96.7%)

Total basepairs processed:    36,871,398 bp
  Read 1:    18,435,699 bp
  Read 2:    18,435,699 bp
Quality-trimmed:                       0 bp (0.0%)
  Read 1:             0 bp
  Read 2:             0 bp
Total written (filtered):     32,895,317 bp (89.2%)
  Read 1:    16,483,072 bp
  Read 2:    16,412,245 bp

=== First read: Adapter 1 ===

Sequence: GTGYCAGCMGCCGCGGTAA; Type: regular 5'; Length: 19; Trimmed: 71721 times

Minimum overlap: 3
No. of allowed errors:
1-9 bp: 0; 10-19 bp: 1

Overview of removed sequences
length	count	expect	max.err	error counts
3	34	1147.6	0	34
4	7	286.9	0	7
5	3	71.7	0	3
6	2	17.9	0	2
13	1	0.0	1	1
14	7	0.0	1	1 6
15	3	0.0	1	1 2
16	1	0.0	1	0 1
17	8	0.0	1	7 1
18	229	0.0	1	9 220
19	71293	0.0	1	68341 2952
20	133	0.0	1	27 106


=== Second read: Adapter 2 ===

Sequence: GGACTACNVGGGTWTCTAAT; Type: regular 5'; Length: 20; Trimmed: 71361 times

Minimum overlap: 3
No. of allowed errors:
1-9 bp: 0; 10-19 bp: 1

Overview of removed sequences
length	count	expect	max.err	error counts
3	38	1147.6	0	38
4	18	286.9	0	18
5	4	71.7	0	4
6	1	17.9	0	1
14	1	0.0	1	0 1
15	1	0.0	1	1
17	3	0.0	1	0 3
19	513	0.0	1	38 475
20	70604	0.0	1	68544 2060
21	178	0.0	1	30 148
This is cutadapt 5.2 with Python 3.12.13
Command line parameters: -u 0 --error-rate 0.1 --times 1 --overlap 3 --minimum-length 1 -q 0,0 --quality-base 33 --cores 14 -o /tmp/qiime2/root/processes/2263566-1779166962.1@root/tmp/rachis-OutPath-94iiqdiw/SS083_30_L001_R1_001.fastq.gz -p /tmp/qiime2/root/processes/2263566-1779166962.1@root/tmp/rachis-OutPath-94iiqdiw/SS083_66_L001_R2_001.fastq.gz --front GTGYCAGCMGCCGCGGTAA -G GGACTACNVGGGTWTCTAAT -U 0 --discard-untrimmed /tmp/qiime2/root/data/509177b1-aa9b-4512-b4b2-9a3fd46d8cc1/data/SS083_30_L001_R1_001.fastq.gz /tmp/qiime2/root/data/509177b1-aa9b-4512-b4b2-9a3fd46d8cc1/data/SS083_66_L001_R2_001.fastq.gz
Processing paired-end reads on 14 cores ...

=== Summary ===

Total read pairs processed:             67,514
  Read 1 with adapter:                  65,892 (97.6%)
  Read 2 with adapter:                  65,309 (96.7%)

== Read fate breakdown ==
Pairs that were too short:                   0 (0.0%)
Pairs discarded as untrimmed:            2,525 (3.7%)
Pairs written (passing filters):        64,989 (96.3%)

Total basepairs processed:    33,892,028 bp
  Read 1:    16,946,014 bp
  Read 2:    16,946,014 bp
Quality-trimmed:                       0 bp (0.0%)
  Read 1:             0 bp
  Read 2:             0 bp
Total written (filtered):     30,090,263 bp (88.8%)
  Read 1:    15,077,600 bp
  Read 2:    15,012,663 bp

=== First read: Adapter 1 ===

Sequence: GTGYCAGCMGCCGCGGTAA; Type: regular 5'; Length: 19; Trimmed: 65892 times

Minimum overlap: 3
No. of allowed errors:
1-9 bp: 0; 10-19 bp: 1

Overview of removed sequences
length	count	expect	max.err	error counts
3	29	1054.9	0	29
4	5	263.7	0	5
13	1	0.0	1	1
15	5	0.0	1	2 3
16	6	0.0	1	2 4
17	8	0.0	1	6 2
18	244	0.0	1	4 240
19	65440	0.0	1	62534 2906
20	154	0.0	1	40 114


=== Second read: Adapter 2 ===

Sequence: GGACTACNVGGGTWTCTAAT; Type: regular 5'; Length: 20; Trimmed: 65309 times

Minimum overlap: 3
No. of allowed errors:
1-9 bp: 0; 10-19 bp: 1

Overview of removed sequences
length	count	expect	max.err	error counts
3	37	1054.9	0	37
4	7	263.7	0	7
5	2	65.9	0	2
6	1	16.5	0	1
10	2	0.1	1	2
11	3	0.0	1	0 3
16	1	0.0	1	1
17	2	0.0	1	1 1
18	4	0.0	1	1 3
19	499	0.0	1	81 418
20	64577	0.0	1	62377 2200
21	168	0.0	1	30 138
51	2	0.0	1	0 2
52	4	0.0	1	1 3
This is cutadapt 5.2 with Python 3.12.13
Command line parameters: -u 0 --error-rate 0.1 --times 1 --overlap 3 --minimum-length 1 -q 0,0 --quality-base 33 --cores 14 -o /tmp/qiime2/root/processes/2263566-1779166962.1@root/tmp/rachis-OutPath-94iiqdiw/SS087_31_L001_R1_001.fastq.gz -p /tmp/qiime2/root/processes/2263566-1779166962.1@root/tmp/rachis-OutPath-94iiqdiw/SS087_67_L001_R2_001.fastq.gz --front GTGYCAGCMGCCGCGGTAA -G GGACTACNVGGGTWTCTAAT -U 0 --discard-untrimmed /tmp/qiime2/root/data/509177b1-aa9b-4512-b4b2-9a3fd46d8cc1/data/SS087_31_L001_R1_001.fastq.gz /tmp/qiime2/root/data/509177b1-aa9b-4512-b4b2-9a3fd46d8cc1/data/SS087_67_L001_R2_001.fastq.gz
Processing paired-end reads on 14 cores ...

=== Summary ===

Total read pairs processed:             47,824
  Read 1 with adapter:                  46,601 (97.4%)
  Read 2 with adapter:                  45,964 (96.1%)

== Read fate breakdown ==
Pairs that were too short:                   0 (0.0%)
Pairs discarded as untrimmed:            2,077 (4.3%)
Pairs written (passing filters):        45,747 (95.7%)

Total basepairs processed:    24,007,648 bp
  Read 1:    12,003,824 bp
  Read 2:    12,003,824 bp
Quality-trimmed:                       0 bp (0.0%)
  Read 1:             0 bp
  Read 2:             0 bp
Total written (filtered):     21,181,134 bp (88.2%)
  Read 1:    10,613,432 bp
  Read 2:    10,567,702 bp

=== First read: Adapter 1 ===

Sequence: GTGYCAGCMGCCGCGGTAA; Type: regular 5'; Length: 19; Trimmed: 46601 times

Minimum overlap: 3
No. of allowed errors:
1-9 bp: 0; 10-19 bp: 1

Overview of removed sequences
length	count	expect	max.err	error counts
3	14	747.2	0	14
4	4	186.8	0	4
5	1	46.7	0	1
6	1	11.7	0	1
11	1	0.0	1	0 1
13	2	0.0	1	2
14	3	0.0	1	0 3
15	1	0.0	1	1
16	3	0.0	1	0 3
17	1	0.0	1	1
18	171	0.0	1	12 159
19	46292	0.0	1	44308 1984
20	107	0.0	1	16 91


=== Second read: Adapter 2 ===

Sequence: GGACTACNVGGGTWTCTAAT; Type: regular 5'; Length: 20; Trimmed: 45964 times

Minimum overlap: 3
No. of allowed errors:
1-9 bp: 0; 10-19 bp: 1

Overview of removed sequences
length	count	expect	max.err	error counts
3	20	747.2	0	20
4	16	186.8	0	16
5	1	46.7	0	1
6	2	11.7	0	2
10	2	0.0	1	2
12	3	0.0	1	3
15	1	0.0	1	1
17	2	0.0	1	0 2
18	3	0.0	1	0 3
19	328	0.0	1	37 291
20	45456	0.0	1	43702 1754
21	122	0.0	1	14 108
51	6	0.0	1	0 6
52	2	0.0	1	0 2
This is cutadapt 5.2 with Python 3.12.13
Command line parameters: -u 0 --error-rate 0.1 --times 1 --overlap 3 --minimum-length 1 -q 0,0 --quality-base 33 --cores 14 -o /tmp/qiime2/root/processes/2263566-1779166962.1@root/tmp/rachis-OutPath-94iiqdiw/SS088_32_L001_R1_001.fastq.gz -p /tmp/qiime2/root/processes/2263566-1779166962.1@root/tmp/rachis-OutPath-94iiqdiw/SS088_68_L001_R2_001.fastq.gz --front GTGYCAGCMGCCGCGGTAA -G GGACTACNVGGGTWTCTAAT -U 0 --discard-untrimmed /tmp/qiime2/root/data/509177b1-aa9b-4512-b4b2-9a3fd46d8cc1/data/SS088_32_L001_R1_001.fastq.gz /tmp/qiime2/root/data/509177b1-aa9b-4512-b4b2-9a3fd46d8cc1/data/SS088_68_L001_R2_001.fastq.gz
Processing paired-end reads on 14 cores ...

=== Summary ===

Total read pairs processed:             24,711
  Read 1 with adapter:                  24,081 (97.5%)
  Read 2 with adapter:                  23,754 (96.1%)

== Read fate breakdown ==
Pairs that were too short:                   0 (0.0%)
Pairs discarded as untrimmed:            1,069 (4.3%)
Pairs written (passing filters):        23,642 (95.7%)

Total basepairs processed:    12,404,922 bp
  Read 1:     6,202,461 bp
  Read 2:     6,202,461 bp
Quality-trimmed:                       0 bp (0.0%)
  Read 1:             0 bp
  Read 2:             0 bp
Total written (filtered):     10,946,434 bp (88.2%)
  Read 1:     5,484,983 bp
  Read 2:     5,461,451 bp

=== First read: Adapter 1 ===

Sequence: GTGYCAGCMGCCGCGGTAA; Type: regular 5'; Length: 19; Trimmed: 24081 times

Minimum overlap: 3
No. of allowed errors:
1-9 bp: 0; 10-19 bp: 1

Overview of removed sequences
length	count	expect	max.err	error counts
3	11	386.1	0	11
4	3	96.5	0	3
5	1	24.1	0	1
7	1	1.5	0	1
17	3	0.0	1	3
18	79	0.0	1	4 75
19	23937	0.0	1	22788 1149
20	46	0.0	1	6 40


=== Second read: Adapter 2 ===

Sequence: GGACTACNVGGGTWTCTAAT; Type: regular 5'; Length: 20; Trimmed: 23754 times

Minimum overlap: 3
No. of allowed errors:
1-9 bp: 0; 10-19 bp: 1

Overview of removed sequences
length	count	expect	max.err	error counts
3	14	386.1	0	14
4	11	96.5	0	11
5	2	24.1	0	2
11	2	0.0	1	0 2
15	4	0.0	1	3 1
19	185	0.0	1	25 160
20	23478	0.0	1	22461 1017
21	57	0.0	1	9 48
52	1	0.0	1	0 1
This is cutadapt 5.2 with Python 3.12.13
Command line parameters: -u 0 --error-rate 0.1 --times 1 --overlap 3 --minimum-length 1 -q 0,0 --quality-base 33 --cores 14 -o /tmp/qiime2/root/processes/2263566-1779166962.1@root/tmp/rachis-OutPath-94iiqdiw/SS090_33_L001_R1_001.fastq.gz -p /tmp/qiime2/root/processes/2263566-1779166962.1@root/tmp/rachis-OutPath-94iiqdiw/SS090_69_L001_R2_001.fastq.gz --front GTGYCAGCMGCCGCGGTAA -G GGACTACNVGGGTWTCTAAT -U 0 --discard-untrimmed /tmp/qiime2/root/data/509177b1-aa9b-4512-b4b2-9a3fd46d8cc1/data/SS090_33_L001_R1_001.fastq.gz /tmp/qiime2/root/data/509177b1-aa9b-4512-b4b2-9a3fd46d8cc1/data/SS090_69_L001_R2_001.fastq.gz
Processing paired-end reads on 14 cores ...

=== Summary ===

Total read pairs processed:             77,061
  Read 1 with adapter:                  75,048 (97.4%)
  Read 2 with adapter:                  74,500 (96.7%)

== Read fate breakdown ==
Pairs that were too short:                   0 (0.0%)
Pairs discarded as untrimmed:            2,949 (3.8%)
Pairs written (passing filters):        74,112 (96.2%)

Total basepairs processed:    38,684,622 bp
  Read 1:    19,342,311 bp
  Read 2:    19,342,311 bp
Quality-trimmed:                       0 bp (0.0%)
  Read 1:             0 bp
  Read 2:             0 bp
Total written (filtered):     34,314,265 bp (88.7%)
  Read 1:    17,194,224 bp
  Read 2:    17,120,041 bp

=== First read: Adapter 1 ===

Sequence: GTGYCAGCMGCCGCGGTAA; Type: regular 5'; Length: 19; Trimmed: 75048 times

Minimum overlap: 3
No. of allowed errors:
1-9 bp: 0; 10-19 bp: 1

Overview of removed sequences
length	count	expect	max.err	error counts
3	33	1204.1	0	33
4	7	301.0	0	7
5	3	75.3	0	3
7	1	4.7	0	1
10	1	0.1	1	1
11	2	0.0	1	1 1
13	4	0.0	1	4
15	1	0.0	1	1
16	1	0.0	1	1
17	11	0.0	1	5 6
18	291	0.0	1	20 271
19	74540	0.0	1	71075 3465
20	152	0.0	1	29 123
28	1	0.0	1	1


=== Second read: Adapter 2 ===

Sequence: GGACTACNVGGGTWTCTAAT; Type: regular 5'; Length: 20; Trimmed: 74500 times

Minimum overlap: 3
No. of allowed errors:
1-9 bp: 0; 10-19 bp: 1

Overview of removed sequences
length	count	expect	max.err	error counts
3	31	1204.1	0	31
4	8	301.0	0	8
5	3	75.3	0	3
6	2	18.8	0	2
10	3	0.1	1	0 3
11	1	0.0	1	1
15	1	0.0	1	1
16	1	0.0	1	1
17	4	0.0	1	3 1
18	8	0.0	1	6 2
19	527	0.0	1	48 479
20	73742	0.0	1	71383 2359
21	158	0.0	1	27 131
29	2	0.0	1	1 1
52	9	0.0	1	1 8
This is cutadapt 5.2 with Python 3.12.13
Command line parameters: -u 0 --error-rate 0.1 --times 1 --overlap 3 --minimum-length 1 -q 0,0 --quality-base 33 --cores 14 -o /tmp/qiime2/root/processes/2263566-1779166962.1@root/tmp/rachis-OutPath-94iiqdiw/SS094_34_L001_R1_001.fastq.gz -p /tmp/qiime2/root/processes/2263566-1779166962.1@root/tmp/rachis-OutPath-94iiqdiw/SS094_70_L001_R2_001.fastq.gz --front GTGYCAGCMGCCGCGGTAA -G GGACTACNVGGGTWTCTAAT -U 0 --discard-untrimmed /tmp/qiime2/root/data/509177b1-aa9b-4512-b4b2-9a3fd46d8cc1/data/SS094_34_L001_R1_001.fastq.gz /tmp/qiime2/root/data/509177b1-aa9b-4512-b4b2-9a3fd46d8cc1/data/SS094_70_L001_R2_001.fastq.gz
Processing paired-end reads on 14 cores ...

=== Summary ===

Total read pairs processed:             36,793
  Read 1 with adapter:                  35,835 (97.4%)
  Read 2 with adapter:                  35,449 (96.3%)

== Read fate breakdown ==
Pairs that were too short:                   0 (0.0%)
Pairs discarded as untrimmed:            1,519 (4.1%)
Pairs written (passing filters):        35,274 (95.9%)

Total basepairs processed:    18,470,086 bp
  Read 1:     9,235,043 bp
  Read 2:     9,235,043 bp
Quality-trimmed:                       0 bp (0.0%)
  Read 1:             0 bp
  Read 2:             0 bp
Total written (filtered):     16,332,122 bp (88.4%)
  Read 1:     8,183,698 bp
  Read 2:     8,148,424 bp

=== First read: Adapter 1 ===

Sequence: GTGYCAGCMGCCGCGGTAA; Type: regular 5'; Length: 19; Trimmed: 35835 times

Minimum overlap: 3
No. of allowed errors:
1-9 bp: 0; 10-19 bp: 1

Overview of removed sequences
length	count	expect	max.err	error counts
3	21	574.9	0	21
4	2	143.7	0	2
5	2	35.9	0	2
10	3	0.0	1	3
14	3	0.0	1	3
16	2	0.0	1	0 2
17	8	0.0	1	5 3
18	122	0.0	1	9 113
19	35600	0.0	1	34046 1554
20	72	0.0	1	11 61


=== Second read: Adapter 2 ===

Sequence: GGACTACNVGGGTWTCTAAT; Type: regular 5'; Length: 20; Trimmed: 35449 times

Minimum overlap: 3
No. of allowed errors:
1-9 bp: 0; 10-19 bp: 1

Overview of removed sequences
length	count	expect	max.err	error counts
3	20	574.9	0	20
4	7	143.7	0	7
5	1	35.9	0	1
6	1	9.0	0	1
14	1	0.0	1	0 1
15	1	0.0	1	0 1
16	2	0.0	1	2
18	1	0.0	1	0 1
19	275	0.0	1	39 236
20	35053	0.0	1	33690 1363
21	83	0.0	1	16 67
51	1	0.0	1	1
52	3	0.0	1	0 3
This is cutadapt 5.2 with Python 3.12.13
Command line parameters: -u 0 --error-rate 0.1 --times 1 --overlap 3 --minimum-length 1 -q 0,0 --quality-base 33 --cores 14 -o /tmp/qiime2/root/processes/2263566-1779166962.1@root/tmp/rachis-OutPath-94iiqdiw/SS095_35_L001_R1_001.fastq.gz -p /tmp/qiime2/root/processes/2263566-1779166962.1@root/tmp/rachis-OutPath-94iiqdiw/SS095_71_L001_R2_001.fastq.gz --front GTGYCAGCMGCCGCGGTAA -G GGACTACNVGGGTWTCTAAT -U 0 --discard-untrimmed /tmp/qiime2/root/data/509177b1-aa9b-4512-b4b2-9a3fd46d8cc1/data/SS095_35_L001_R1_001.fastq.gz /tmp/qiime2/root/data/509177b1-aa9b-4512-b4b2-9a3fd46d8cc1/data/SS095_71_L001_R2_001.fastq.gz
Processing paired-end reads on 14 cores ...

=== Summary ===

Total read pairs processed:             63,270
  Read 1 with adapter:                  61,728 (97.6%)
  Read 2 with adapter:                  61,312 (96.9%)

== Read fate breakdown ==
Pairs that were too short:                   0 (0.0%)
Pairs discarded as untrimmed:            2,256 (3.6%)
Pairs written (passing filters):        61,014 (96.4%)

Total basepairs processed:    31,761,540 bp
  Read 1:    15,880,770 bp
  Read 2:    15,880,770 bp
Quality-trimmed:                       0 bp (0.0%)
  Read 1:             0 bp
  Read 2:             0 bp
Total written (filtered):     28,250,002 bp (88.9%)
  Read 1:    14,155,387 bp
  Read 2:    14,094,615 bp

=== First read: Adapter 1 ===

Sequence: GTGYCAGCMGCCGCGGTAA; Type: regular 5'; Length: 19; Trimmed: 61728 times

Minimum overlap: 3
No. of allowed errors:
1-9 bp: 0; 10-19 bp: 1

Overview of removed sequences
length	count	expect	max.err	error counts
3	26	988.6	0	26
4	4	247.1	0	4
5	2	61.8	0	2
13	4	0.0	1	4
15	1	0.0	1	1
16	6	0.0	1	1 5
17	5	0.0	1	1 4
18	196	0.0	1	13 183
19	61361	0.0	1	58665 2696
20	123	0.0	1	19 104


=== Second read: Adapter 2 ===

Sequence: GGACTACNVGGGTWTCTAAT; Type: regular 5'; Length: 20; Trimmed: 61312 times

Minimum overlap: 3
No. of allowed errors:
1-9 bp: 0; 10-19 bp: 1

Overview of removed sequences
length	count	expect	max.err	error counts
3	27	988.6	0	27
4	11	247.1	0	11
5	4	61.8	0	4
6	2	15.4	0	2
9	1	0.2	0	1
13	2	0.0	1	2
16	4	0.0	1	0 4
18	5	0.0	1	0 5
19	472	0.0	1	52 420
20	60641	0.0	1	58317 2324
21	142	0.0	1	40 102
51	1	0.0	1	0 1



Command: cutadapt -u 0 --error-rate 0.1 --times 1 --overlap 3 --minimum-length 1 -q 0,0 --quality-base 33 --cores 14 -o /tmp/qiime2/root/processes/2263566-1779166962.1@root/tmp/rachis-OutPath-94iiqdiw/SS076_27_L001_R1_001.fastq.gz -p /tmp/qiime2/root/processes/2263566-1779166962.1@root/tmp/rachis-OutPath-94iiqdiw/SS076_63_L001_R2_001.fastq.gz --front GTGYCAGCMGCCGCGGTAA -G GGACTACNVGGGTWTCTAAT -U 0 --discard-untrimmed /tmp/qiime2/root/data/509177b1-aa9b-4512-b4b2-9a3fd46d8cc1/data/SS076_27_L001_R1_001.fastq.gz /tmp/qiime2/root/data/509177b1-aa9b-4512-b4b2-9a3fd46d8cc1/data/SS076_63_L001_R2_001.fastq.gz


Command: cutadapt -u 0 --error-rate 0.1 --times 1 --overlap 3 --minimum-length 1 -q 0,0 --quality-base 33 --cores 14 -o /tmp/qiime2/root/processes/2263566-1779166962.1@root/tmp/rachis-OutPath-94iiqdiw/SS078_28_L001_R1_001.fastq.gz -p /tmp/qiime2/root/processes/2263566-1779166962.1@root/tmp/rachis-OutPath-94iiqdiw/SS078_64_L001_R2_001.fastq.gz --front GTGYCAGCMGCCGCGGTAA -G GGACTACNVGGGTWTCTAAT -U 0 --discard-untrimmed /tmp/qiime2/root/data/509177b1-aa9b-4512-b4b2-9a3fd46d8cc1/data/SS078_28_L001_R1_001.fastq.gz /tmp/qiime2/root/data/509177b1-aa9b-4512-b4b2-9a3fd46d8cc1/data/SS078_64_L001_R2_001.fastq.gz


Command: cutadapt -u 0 --error-rate 0.1 --times 1 --overlap 3 --minimum-length 1 -q 0,0 --quality-base 33 --cores 14 -o /tmp/qiime2/root/processes/2263566-1779166962.1@root/tmp/rachis-OutPath-94iiqdiw/SS082_29_L001_R1_001.fastq.gz -p /tmp/qiime2/root/processes/2263566-1779166962.1@root/tmp/rachis-OutPath-94iiqdiw/SS082_65_L001_R2_001.fastq.gz --front GTGYCAGCMGCCGCGGTAA -G GGACTACNVGGGTWTCTAAT -U 0 --discard-untrimmed /tmp/qiime2/root/data/509177b1-aa9b-4512-b4b2-9a3fd46d8cc1/data/SS082_29_L001_R1_001.fastq.gz /tmp/qiime2/root/data/509177b1-aa9b-4512-b4b2-9a3fd46d8cc1/data/SS082_65_L001_R2_001.fastq.gz


Command: cutadapt -u 0 --error-rate 0.1 --times 1 --overlap 3 --minimum-length 1 -q 0,0 --quality-base 33 --cores 14 -o /tmp/qiime2/root/processes/2263566-1779166962.1@root/tmp/rachis-OutPath-94iiqdiw/SS083_30_L001_R1_001.fastq.gz -p /tmp/qiime2/root/processes/2263566-1779166962.1@root/tmp/rachis-OutPath-94iiqdiw/SS083_66_L001_R2_001.fastq.gz --front GTGYCAGCMGCCGCGGTAA -G GGACTACNVGGGTWTCTAAT -U 0 --discard-untrimmed /tmp/qiime2/root/data/509177b1-aa9b-4512-b4b2-9a3fd46d8cc1/data/SS083_30_L001_R1_001.fastq.gz /tmp/qiime2/root/data/509177b1-aa9b-4512-b4b2-9a3fd46d8cc1/data/SS083_66_L001_R2_001.fastq.gz


Command: cutadapt -u 0 --error-rate 0.1 --times 1 --overlap 3 --minimum-length 1 -q 0,0 --quality-base 33 --cores 14 -o /tmp/qiime2/root/processes/2263566-1779166962.1@root/tmp/rachis-OutPath-94iiqdiw/SS087_31_L001_R1_001.fastq.gz -p /tmp/qiime2/root/processes/2263566-1779166962.1@root/tmp/rachis-OutPath-94iiqdiw/SS087_67_L001_R2_001.fastq.gz --front GTGYCAGCMGCCGCGGTAA -G GGACTACNVGGGTWTCTAAT -U 0 --discard-untrimmed /tmp/qiime2/root/data/509177b1-aa9b-4512-b4b2-9a3fd46d8cc1/data/SS087_31_L001_R1_001.fastq.gz /tmp/qiime2/root/data/509177b1-aa9b-4512-b4b2-9a3fd46d8cc1/data/SS087_67_L001_R2_001.fastq.gz


Command: cutadapt -u 0 --error-rate 0.1 --times 1 --overlap 3 --minimum-length 1 -q 0,0 --quality-base 33 --cores 14 -o /tmp/qiime2/root/processes/2263566-1779166962.1@root/tmp/rachis-OutPath-94iiqdiw/SS088_32_L001_R1_001.fastq.gz -p /tmp/qiime2/root/processes/2263566-1779166962.1@root/tmp/rachis-OutPath-94iiqdiw/SS088_68_L001_R2_001.fastq.gz --front GTGYCAGCMGCCGCGGTAA -G GGACTACNVGGGTWTCTAAT -U 0 --discard-untrimmed /tmp/qiime2/root/data/509177b1-aa9b-4512-b4b2-9a3fd46d8cc1/data/SS088_32_L001_R1_001.fastq.gz /tmp/qiime2/root/data/509177b1-aa9b-4512-b4b2-9a3fd46d8cc1/data/SS088_68_L001_R2_001.fastq.gz


Command: cutadapt -u 0 --error-rate 0.1 --times 1 --overlap 3 --minimum-length 1 -q 0,0 --quality-base 33 --cores 14 -o /tmp/qiime2/root/processes/2263566-1779166962.1@root/tmp/rachis-OutPath-94iiqdiw/SS090_33_L001_R1_001.fastq.gz -p /tmp/qiime2/root/processes/2263566-1779166962.1@root/tmp/rachis-OutPath-94iiqdiw/SS090_69_L001_R2_001.fastq.gz --front GTGYCAGCMGCCGCGGTAA -G GGACTACNVGGGTWTCTAAT -U 0 --discard-untrimmed /tmp/qiime2/root/data/509177b1-aa9b-4512-b4b2-9a3fd46d8cc1/data/SS090_33_L001_R1_001.fastq.gz /tmp/qiime2/root/data/509177b1-aa9b-4512-b4b2-9a3fd46d8cc1/data/SS090_69_L001_R2_001.fastq.gz


Command: cutadapt -u 0 --error-rate 0.1 --times 1 --overlap 3 --minimum-length 1 -q 0,0 --quality-base 33 --cores 14 -o /tmp/qiime2/root/processes/2263566-1779166962.1@root/tmp/rachis-OutPath-94iiqdiw/SS094_34_L001_R1_001.fastq.gz -p /tmp/qiime2/root/processes/2263566-1779166962.1@root/tmp/rachis-OutPath-94iiqdiw/SS094_70_L001_R2_001.fastq.gz --front GTGYCAGCMGCCGCGGTAA -G GGACTACNVGGGTWTCTAAT -U 0 --discard-untrimmed /tmp/qiime2/root/data/509177b1-aa9b-4512-b4b2-9a3fd46d8cc1/data/SS094_34_L001_R1_001.fastq.gz /tmp/qiime2/root/data/509177b1-aa9b-4512-b4b2-9a3fd46d8cc1/data/SS094_70_L001_R2_001.fastq.gz


Command: cutadapt -u 0 --error-rate 0.1 --times 1 --overlap 3 --minimum-length 1 -q 0,0 --quality-base 33 --cores 14 -o /tmp/qiime2/root/processes/2263566-1779166962.1@root/tmp/rachis-OutPath-94iiqdiw/SS095_35_L001_R1_001.fastq.gz -p /tmp/qiime2/root/processes/2263566-1779166962.1@root/tmp/rachis-OutPath-94iiqdiw/SS095_71_L001_R2_001.fastq.gz --front GTGYCAGCMGCCGCGGTAA -G GGACTACNVGGGTWTCTAAT -U 0 --discard-untrimmed /tmp/qiime2/root/data/509177b1-aa9b-4512-b4b2-9a3fd46d8cc1/data/SS095_35_L001_R1_001.fastq.gz /tmp/qiime2/root/data/509177b1-aa9b-4512-b4b2-9a3fd46d8cc1/data/SS095_71_L001_R2_001.fastq.gz

Saved SampleData[PairedEndSequencesWithQuality] to: demux-trimmed.qza
Saved Visualization to: demux-trimmed.qzv
==> [3/12] DADA2 denoise-paired (trunc-f=220 trunc-r=180)
R version 4.5.2 (2025-10-31) 
Loading required package: Rcpp
DADA2: 1.38.0 / Rcpp: 1.1.1.1.1 / RcppParallel: 5.1.11.2 
2) Filtering ....................................
3) Learning Error Rates
226361520 total bases in 1028916 reads from 29 samples will be used for learning the error rates.
185204880 total bases in 1028916 reads from 29 samples will be used for learning the error rates.
3) Denoise samples ....................................
....................................
5) Remove chimeras (method = consensus)
6) Report read numbers through the pipeline
7) Write output
/opt/miniforge3/envs/rachis-qiime2-2026.4/lib/python3.12/site-packages/rachis/metadata/metadata.py:610: FutureWarning: Setting an item of incompatible dtype is deprecated and will raise an error in a future version of pandas. Value '[nan nan nan nan nan nan nan nan nan nan nan nan nan nan nan nan nan nan
 nan nan nan nan nan nan nan nan nan nan nan nan nan nan nan nan nan nan
 nan nan nan nan nan nan nan nan nan nan nan nan nan nan nan nan nan nan
 nan nan nan nan nan nan nan nan nan nan nan nan nan nan nan nan nan nan
 nan nan nan nan nan nan nan nan nan nan nan nan nan nan nan nan nan nan
 nan nan nan nan nan nan nan nan nan nan nan nan nan nan nan nan nan nan
 nan nan nan nan nan nan nan nan nan nan nan nan nan nan nan nan nan nan
 nan nan nan nan nan nan nan nan nan nan nan nan nan nan nan nan nan nan
 nan nan nan nan nan nan nan nan nan nan nan nan nan nan nan nan nan nan
 nan nan nan nan nan nan nan nan nan nan nan nan nan nan nan nan nan nan
 nan nan nan nan nan nan nan nan nan nan nan nan nan nan nan nan nan nan
 nan nan nan nan nan nan nan nan nan nan]' has dtype incompatible with float64, please explicitly cast to a compatible dtype first.
  series[missing.index] = missing
/opt/miniforge3/envs/rachis-qiime2-2026.4/lib/python3.12/site-packages/rachis/metadata/metadata.py:610: FutureWarning: Setting an item of incompatible dtype is deprecated and will raise an error in a future version of pandas. Value '[nan nan nan nan nan nan nan nan nan nan nan nan nan nan nan nan nan nan
 nan nan nan nan nan nan nan nan nan nan nan nan nan nan nan nan nan nan
 nan nan nan nan nan nan nan nan nan nan nan nan nan nan nan nan nan nan
 nan nan nan nan nan nan nan nan nan nan nan nan nan nan nan nan nan nan
 nan nan nan nan nan nan nan nan nan nan nan nan nan nan nan nan nan nan
 nan nan nan nan nan nan nan nan nan nan nan nan nan nan nan nan nan nan
 nan nan nan nan nan nan nan nan nan nan nan nan nan nan nan nan nan nan
 nan nan nan nan nan nan nan nan nan nan nan nan nan nan nan nan nan nan
 nan nan nan nan nan nan nan nan nan nan nan nan nan nan nan nan nan nan
 nan nan nan nan nan nan nan nan nan nan nan nan nan nan nan nan nan nan
 nan nan nan nan nan nan nan nan nan nan nan nan nan nan nan nan nan nan
 nan nan nan nan nan nan]' has dtype incompatible with float64, please explicitly cast to a compatible dtype first.
  series[missing.index] = missing
Running external command line application(s). This may print messages to stdout and/or stderr.
The command(s) being run are below. These commands cannot be manually re-run as they will depend on temporary files that no longer exist.

Command: run_dada.R --input_directory /tmp/tmpvqf65w5h/forward --input_directory_reverse /tmp/tmpvqf65w5h/reverse --output_path /tmp/tmpvqf65w5h/output.tsv.biom --output_track /tmp/tmpvqf65w5h/track.tsv --output_err_track /tmp/tmpvqf65w5h/err_track.tsv --filtered_directory /tmp/tmpvqf65w5h/filt_f --filtered_directory_reverse /tmp/tmpvqf65w5h/filt_r --truncation_length 220 --truncation_length_reverse 180 --trim_left 0 --trim_left_reverse 0 --max_expected_errors 2.0 --max_expected_errors_reverse 2.0 --truncation_quality_score 2 --min_overlap 12 --max_merge_mismatch 0 --trim_overhang False --pooling_method independent --chimera_method consensus --min_parental_fold 1.0 --allow_one_off False --num_threads 14 --learn_min_reads 1000000

Saved FeatureTable[Frequency] to: table.qza
Saved FeatureData[Sequence] to: rep-seqs.qza
Saved SampleData[DADA2Stats] to: denoising-stats.qza
Saved DADA2BaseTransitionStats to: base-transition-stats.qza
Usage: qiime feature-table summarize [OPTIONS]

  Generate visual and tabular summaries of a feature table. Tabulate sample
  and feature frequencies.

Inputs:
  --i-table ARTIFACT FeatureTable[Frequency | PresenceAbsence]
                          The feature table to be summarized.       [required]
Parameters:
  --m-metadata-file METADATA...
    (multiple arguments   The sample metadata.
     will be merged)                                                [optional]
Outputs:
  --o-feature-frequencies ARTIFACT
    ImmutableMetadata     Per-sample and total frequencies per feature.
                                                                    [required]
  --o-sample-frequencies ARTIFACT
    ImmutableMetadata     Observed feature count and total frequencies per
                          sample.                                   [required]
  --o-summary VISUALIZATION
                          Visual summary of feature table           [required]
Miscellaneous:
  --output-dir PATH       Output unspecified results to a directory
  --verbose / --quiet     Display verbose output to stdout and/or stderr
                          during execution of this action. Or silence output
                          if execution is successful (silence is golden).
  --recycle-pool TEXT     Use a cache pool for pipeline resumption. QIIME 2
                          will cache your results in this pool for reuse by
                          future invocations. These pool are retained until
                          deleted by the user. If not provided, QIIME 2 will
                          create a pool which is automatically reused by
                          invocations of the same action and removed if the
                          action is successful. Note: these pools are local to
                          the cache you are using.
  --no-recycle            Do not recycle results from a previous failed
                          pipeline run or save the results from this run for
                          future recycling.
  --parallel              Execute your action in parallel. This flag will use
                          your default parallel config.
  --parallel-config FILE  Execute your action in parallel using a config at
                          the indicated path.
  --example-data PATH     Write example data and exit.
  --citations             Show citations and exit.
  --use-cache DIRECTORY   Specify the cache to be used for the intermediate
                          work of this action. If not provided, the default
                          cache under $TMP/qiime2/<uname> will be used.
                          IMPORTANT FOR HPC USERS: If you are on an HPC system
                          and are using parallel execution it is important to
                          set this to a location that is globally accessible
                          to all nodes in the cluster.
  --help                  Show this message and exit.

Examples:
  # ### example: feature table summarize
  qiime feature-table summarize \
    --i-table feature-table.qza \
    --o-feature-frequencies feature-frequencies.qza \
    --o-sample-frequencies sample-frequencies.qza \
    --o-summary visual-summary.qzv
  

                    There was a problem with the command:                     
 (1/1?) No such option: --m-sample-metadata-file Did you mean --m-metadata-
  file?
==> 16S pipeline starting at Tue May 19 02:04:30 AST 2026
    Threads: 14  Project: /root/kohl_v1
==> [4/12] Align + mask + FastTree
Saved FeatureData[AlignedSequence] to: aligned-rep-seqs.qza
Saved FeatureData[AlignedSequence] to: masked-aligned-rep-seqs.qza
Saved Phylogeny[Unrooted] to: unrooted-tree.qza
Saved Phylogeny[Rooted] to: rooted-tree.qza
==> [5/12] Classifying with SILVA (classify-consensus-vsearch)
Saved FeatureData[Taxonomy] to: taxonomy.qza
Saved FeatureData[BLAST6] to: silva-search-results.qza
Saved Visualization to: taxonomy.qzv
==> [6a/12] Filter mitochondria/chloroplast/eukaryota, require p__
Saved FeatureTable[Frequency] to: table-noHost.qza
Saved FeatureData[Sequence] to: rep-seqs-noHost.qza
==> [6b/12] decontam prevalence filter vs Blank1-4
Exported /root/kohl_v1/qiime/16s/table-noHost.qza as BIOMV210DirFmt to directory _decontam_work/table-export
Exported /root/kohl_v1/qiime/16s/rep-seqs-noHost.qza as DNASequencesDirectoryFormat to directory _decontam_work/seqs-export
decontam: 2/1054 features flagged as contaminants (0.2%)
Saved FeatureTable[Frequency] to: _decontam_work/table-filt.qza
Saved FeatureTable[Frequency] to: table-decontam.qza
Saved FeatureData[Sequence] to: rep-seqs-decontam.qza
decontam_filter: wrote table-decontam.qza + rep-seqs-decontam.qza + decontam-stats.tsv
Saved ImmutableMetadata to: table-clean-feature-frequencies.qza
Saved ImmutableMetadata to: table-clean-sample-frequencies.qza
Saved Visualization to: table-clean.qzv
==> [6c/12] Dropping Blank samples from biological table
Saved FeatureTable[Frequency] to: table-bio.qza
Saved ImmutableMetadata to: table-bio-feature-frequencies.qza
Saved ImmutableMetadata to: table-bio-sample-frequencies.qza
Saved Visualization to: table-bio.qzv
==> [7/12] Alpha rarefaction
Saved Visualization to: alpha-rarefaction.qzv
==> [8/12] core-metrics-phylogenetic depth=5000
Saved FeatureTable[Frequency] to: core-metrics/rarefied_table.qza
Saved SampleData[AlphaDiversity] to: core-metrics/faith_pd_vector.qza
Saved SampleData[AlphaDiversity] to: core-metrics/observed_features_vector.qza
Saved SampleData[AlphaDiversity] to: core-metrics/shannon_vector.qza
Saved SampleData[AlphaDiversity] to: core-metrics/evenness_vector.qza
Saved DistanceMatrix to: core-metrics/unweighted_unifrac_distance_matrix.qza
Saved DistanceMatrix to: core-metrics/weighted_unifrac_distance_matrix.qza
Saved DistanceMatrix to: core-metrics/jaccard_distance_matrix.qza
Saved DistanceMatrix to: core-metrics/bray_curtis_distance_matrix.qza
Saved PCoAResults to: core-metrics/unweighted_unifrac_pcoa_results.qza
Saved PCoAResults to: core-metrics/weighted_unifrac_pcoa_results.qza
Saved PCoAResults to: core-metrics/jaccard_pcoa_results.qza
Saved PCoAResults to: core-metrics/bray_curtis_pcoa_results.qza
Saved Visualization to: core-metrics/unweighted_unifrac_emperor.qzv
Saved Visualization to: core-metrics/weighted_unifrac_emperor.qzv
Saved Visualization to: core-metrics/jaccard_emperor.qzv
Saved Visualization to: core-metrics/bray_curtis_emperor.qzv
==> [9/12] Alpha group significance
Saved Visualization to: core-metrics/shannon_vector-group-significance.qzv
Saved Visualization to: core-metrics/faith_pd_vector-group-significance.qzv
Saved Visualization to: core-metrics/evenness_vector-group-significance.qzv
Saved Visualization to: core-metrics/observed_features_vector-group-significance.qzv
==> [10/12] Beta PERMANOVA: primary-comparison, environment, mother, age-class, fed
Saved Visualization to: core-metrics/weighted_unifrac_distance_matrix-primary-comparison-permanova.qzv
Saved Visualization to: core-metrics/weighted_unifrac_distance_matrix-environment-permanova.qzv
Saved Visualization to: core-metrics/weighted_unifrac_distance_matrix-age-class-permanova.qzv
Saved Visualization to: core-metrics/weighted_unifrac_distance_matrix-fed-permanova.qzv
Saved Visualization to: core-metrics/unweighted_unifrac_distance_matrix-primary-comparison-permanova.qzv
Saved Visualization to: core-metrics/unweighted_unifrac_distance_matrix-environment-permanova.qzv
Saved Visualization to: core-metrics/unweighted_unifrac_distance_matrix-age-class-permanova.qzv
Saved Visualization to: core-metrics/unweighted_unifrac_distance_matrix-fed-permanova.qzv
Saved Visualization to: core-metrics/bray_curtis_distance_matrix-primary-comparison-permanova.qzv
Saved Visualization to: core-metrics/bray_curtis_distance_matrix-environment-permanova.qzv
Saved Visualization to: core-metrics/bray_curtis_distance_matrix-age-class-permanova.qzv
Saved Visualization to: core-metrics/bray_curtis_distance_matrix-fed-permanova.qzv
Saved Visualization to: core-metrics/jaccard_distance_matrix-primary-comparison-permanova.qzv
Saved Visualization to: core-metrics/jaccard_distance_matrix-environment-permanova.qzv
Saved Visualization to: core-metrics/jaccard_distance_matrix-age-class-permanova.qzv
Saved Visualization to: core-metrics/jaccard_distance_matrix-fed-permanova.qzv
==> [11/12] Taxa bar plots
Saved Visualization to: taxa-bar-plots.qzv
==> [12/12] ANCOM-BC differential abundance
Saved FeatureTable[Frequency] to: ancombc/table-L6.qza
Saved FeatureTable[Frequency] to: ancombc/table-L5.qza
Saved FeatureTable[Frequency] to: ancombc/table-L6.qza
Saved FeatureData[DifferentialAbundance] to: ancombc/ancombc-environment-L6.qza
Saved Visualization to: ancombc/ancombc-environment-L6.qzv
Saved FeatureTable[Frequency] to: ancombc/table-L5.qza
Saved FeatureData[DifferentialAbundance] to: ancombc/ancombc-environment-L5.qza
Saved Visualization to: ancombc/ancombc-environment-L5.qzv
==> 16S pipeline complete at Tue May 19 02:53:50 AST 2026
    Outputs under: /root/kohl_v1/qiime/16s
    View any .qzv at https://view.qiime2.org/
